"n","rep","m","Rhat","G","HL","C","EF","mu","muEF","d","sdHL","sdEF","sdEF_simple","zHL","zEF","pHL_chisq"
4000,1251,2,1.79976497064756,2000,1977.55810336354,-12.3742428334795,1989.93234619702,1997.49612616091,1998.74783914629,2.50342597076388,61.6421506183645,44.7213324982349,44.7213595499958,-0.323447877748518,-0.197120534134684,0.623213084041557
4000,1251,5,1.79976497064756,800,792.705529083875,-4.83878138678669,797.544310470661,797.780999317358,798.224599189415,2.21799936028192,39.597164485287,35.7770225700758,35.7770876399966,-0.128177618257727,-0.0190146823263692,0.546222858059401
4000,1251,10,1.79976497064756,400,396.998758246318,-2.34294951285137,399.341707759169,397.878360084582,398.090342787072,2.11982702489156,28.1418532735143,26.8326709608475,26.8328157299975,-0.0312560025708216,0.0466358706490118,0.504739600307881
4000,1251,25,1.79976497064756,160,165.691507586423,-1.19330686235725,166.88481444878,157.940653172077,158.022867075681,2.05534759007967,17.8517558826335,17.5266510897293,17.5271218401653,0.434178826178403,0.505626963629831,0.321604218077569
4000,1251,50,1.79976497064756,80,75.3870740798322,-0.509076093829518,75.8961501736618,77.9588129034282,77.9994808802936,2.0333988432689,12.6346105197093,12.5207216080363,12.5219806739988,-0.203547138994448,-0.167987978047674,0.56278165433148
4000,1252,2,1.53789953345402,2000,1962.93558441857,-6.34349440069608,1969.27907881927,1997.48286275135,1998.74120977324,2.51669404377851,59.4801672505473,44.7213372797382,44.7213595499958,-0.580820127610929,-0.658793603815685,0.707951832537509
4000,1252,5,1.53789953345402,800,800.598540178827,-2.64672722011019,803.245267398937,797.789382312474,798.231313816651,2.20965752088313,39.0646845406678,35.777029367274,35.7770876399966,0.0719104198429851,0.14014449133871,0.467459173811294
4000,1252,10,1.53789953345402,400,353.996365170061,-1.4346368134924,355.431001983553,397.888497171092,398.099481288728,2.10984117636701,27.9552959553514,26.8326856547144,26.8328157299975,-1.57008289488807,-1.59016804557834,0.944901475908973
4000,1252,25,1.53789953345402,160,136.029963507407,-0.770966177784608,136.800929685192,157.939629217625,158.021892649751,2.05658580314495,17.8049950861498,17.5266826528824,17.5271218401653,-1.23053477994281,-1.21078035044295,0.896233280627187
4000,1252,50,1.53789953345402,80,64.4210430083471,-0.479660945447245,64.9007039537943,77.9601379908683,78.0007930373673,2.03275232494676,12.6183429302297,12.5208354662491,12.5219806739988,-1.07296933181977,-1.04626317619821,0.865062708498546
4000,1253,2,1.41205512850095,2000,2050.0448992571,15.0747970544804,2034.97010220261,1997.51951548802,1998.75954166729,2.48005235854082,58.4125681979624,44.7213368695931,44.7213595499958,0.899213737548118,0.809693159238798,0.204176457447997
4000,1253,5,1.41205512850095,800,806.556455170499,5.83808549878414,800.718369671715,797.794214991,798.235179228876,2.20482118938216,38.8060501336374,35.7770296425381,35.7770876399966,0.225795723845224,0.069407395405617,0.409010059959656
4000,1253,10,1.41205512850095,400,412.162165135284,2.87130342168114,409.290861713603,397.893919400616,398.104356964685,2.10437564068928,27.8650764913013,26.832684792785,26.8328157299975,0.512047606943476,0.416898451843538,0.301638315388397
4000,1253,25,1.41205512850095,160,174.32069878965,1.1808409178778,173.139857871772,157.955433466955,158.037061021076,2.04068885302549,17.78232160346,17.5266741801631,17.5271218401653,0.920310951946283,0.861703520899016,0.177358527902515
4000,1253,50,1.41205512850095,80,96.9391659264507,0.56072098373254,96.3784449427182,77.9642012151898,78.0047673762964,2.02830805532791,12.6102860513214,12.5207785152788,12.5219806739988,1.5047211961756,1.46745488261779,0.0720178963201175
4000,1254,2,2.26074060571858,2000,1977.19160532307,71.5676626784325,1905.62394264464,1997.48466542591,1998.74210421612,2.51487758043422,65.2740661056138,44.721331226744,44.7213595499958,-0.310890087190192,-2.08218671084183,0.625428023166754
4000,1254,5,2.26074060571858,800,769.287098060591,28.7485790387522,740.538519021839,797.779574515846,798.223454990338,2.21940237246009,40.5177722314663,35.7770230821724,35.7770876399966,-0.703209354465123,-1.61234588568222,0.761392216656565
4000,1254,10,2.26074060571858,400,362.012865018118,14.4225501416864,347.590314876431,397.877584734514,398.089646266465,2.12061531950575,28.467537693581,26.8326711939167,26.8328157299975,-1.25984621861003,-1.88200910096056,0.901877502301476
4000,1254,25,2.26074060571858,160,158.241096128548,5.66369002903952,152.577406099509,157.946786415795,158.028749438747,2.04907557381004,17.9341602748636,17.5266348189798,17.5271218401653,0.0164105655488102,-0.311031946265866,0.479636721550349
4000,1254,50,2.26074060571858,80,71.5997739780733,2.76746464831094,68.8323093297623,77.9596903809942,78.0003345008336,2.03220599197084,12.663621056249,12.5206673733971,12.5219806739988,-0.502219418495832,-0.732231349788173,0.682026583173062
4000,1255,2,1.92959619531701,2000,1912.20272688639,-0.951357936862645,1913.15408482325,1997.4781558221,1998.73884402162,2.52137639903644,62.686333065579,44.7213303111119,44.7213595499958,-1.36035120839654,-1.91373464525716,0.914124215432825
4000,1255,5,1.92959619531701,800,767.625503884007,-0.634650014593759,768.2601538986,797.78820581803,798.230359969723,2.21077075846426,39.8586933104124,35.777024515682,35.7770876399966,-0.756740862002717,-0.837694203943256,0.774406619818698
4000,1255,10,1.92959619531701,400,361.196239584241,-0.353250867806422,361.549490452047,397.885537212262,398.096803807186,2.11266594924064,28.2340546283794,26.8326754415944,26.8328157299975,-1.2994696691967,-1.36204507204995,0.907112740435537
4000,1255,25,1.92959619531701,160,148.613831087206,-0.155562536685896,148.769393623892,157.941972508734,158.024133311499,2.05402006910869,17.8751331855092,17.5266564735195,17.5271218401653,-0.521850177266944,-0.528037946175834,0.691865037319094
4000,1255,50,1.92959619531701,80,76.7781007418473,-0.193496604452482,76.9715973462997,77.9608913549968,78.0015143640028,2.03115045029944,12.6429120770719,12.5206985799623,12.5219806739988,-0.0935536532991138,-0.0822571529156778,0.517893493969731
4000,1256,2,1.50305889574801,2000,2020.29478483822,-12.609066555688,2032.90385139391,1997.50009153148,1998.74983350613,2.49948394930629,59.1865525054112,44.7213403022685,44.7213595499958,0.385132979398652,0.763707385711919,0.358705452903834
4000,1256,5,1.50305889574801,800,835.472147861239,-5.20299273622382,840.675140597462,797.788563185429,798.230667992764,2.2105240366707,38.9932917172057,35.7770344659614,35.7770876399966,0.966411990788182,1.18636083840545,0.173529575154217
4000,1256,10,1.50305889574801,400,442.825957883118,-2.49380247709219,445.31976036021,397.892615525209,398.103184693015,2.10569167806196,27.9304021641098,26.8326881697623,26.8328157299975,1.60876102298475,1.75966624620201,0.0598279312923746
4000,1256,25,1.50305889574801,160,174.027248881649,-1.20036282269437,175.227611704343,157.946511662003,158.028496667487,2.04962513709184,17.7987404573014,17.5266786407125,17.5271218401653,0.903476134068197,0.981310571696395,0.181408484487447
4000,1256,50,1.50305889574801,80,98.4673938253869,-0.643666516287953,99.1110603416748,77.9646811399847,78.0052411061521,2.0279983083694,12.616183670216,12.5208095503872,12.5219806739988,1.6251120958079,1.68565931384765,0.0586396125618899
4000,1257,2,1.70818462097219,2000,1996.84175077242,21.8771391917739,1974.96461158064,1997.48454297086,1998.74205684437,2.51502774702798,60.8946466979857,44.7213373586822,44.7213595499958,-0.0105558079946043,-0.531680103236335,0.503103448498422
4000,1257,5,1.70818462097219,800,823.269501848774,8.76988300094551,814.499618847829,797.797097550329,798.237480442637,2.2019144615434,39.4118259654548,35.777029301096,35.7770876399966,0.646313731334666,0.454541327853994,0.26023607568999
4000,1257,10,1.70818462097219,400,395.281720986337,4.34389299668836,390.937827989648,397.890563119539,398.101329208678,2.10766089139315,28.076814350651,26.8326783055214,26.8328157299975,-0.0929180248378809,-0.266969295329568,0.529065656883712
4000,1257,25,1.70818462097219,160,170.090075635524,2.09769445315424,167.99238118237,157.942112944341,158.024271506935,2.05396406485762,17.8355247261727,17.5266675733385,17.5271218401653,0.681110473489826,0.568739586902297,0.241717420961074
4000,1257,50,1.70818462097219,80,66.5952408728884,1.15872206316972,65.4365188097187,77.9633317405143,78.0039165047135,2.02923820995899,12.6290205537637,12.5207826803004,12.5219806739988,-0.900156177530175,-1.00372301124336,0.817996602646901
4000,1258,2,1.62070600758094,2000,2070.83891282948,8.59156159972664,2062.24735122975,1997.48830171744,1998.74393839334,2.51127335180377,60.1722145260492,44.7213387273149,44.7213595499958,1.21901132756695,1.4199801402105,0.125264883609023
4000,1258,5,1.62070600758094,800,784.109079683384,3.34578864086507,780.763291042519,797.808600432939,798.246690700401,2.19045133730651,39.2338541722182,35.7770318330205,35.7770876399966,-0.349176012364742,-0.48867663867367,0.630445431199021
4000,1258,10,1.62070600758094,400,418.66017547996,1.651150772351,417.009024707609,397.903042258699,398.112572803117,2.0953054441741,28.0144873182399,26.8326904259436,26.8328157299975,0.740942819529876,0.704232471829285,0.228585984888625
4000,1258,25,1.62070600758094,160,162.526168653507,0.410202943518178,162.115965709989,157.949457999386,158.03132337328,2.04663434736266,17.8198276281393,17.5266713821267,17.5271218401653,0.256832487363357,0.233052942435721,0.386041591435561
4000,1258,50,1.62070600758094,80,87.7365574813983,0.0726260988447849,87.6639313825535,77.9654817829888,78.0060211064808,2.02696617460211,12.6235041451376,12.520768944617,12.5219806739988,0.774038300781418,0.771351210040882,0.211229656110727
4000,1259,2,1.31875284408469,2000,1979.48447973268,-27.8924772929868,2007.37695702566,1997.48053986627,1998.74006224526,2.51904475799378,57.6084842809198,44.7213394307685,44.7213595499958,-0.312385586224356,0.1931269253187,0.611510330212334
4000,1259,5,1.31875284408469,800,755.70714759252,-11.0408368134044,766.747984405924,797.775323707809,798.220069759016,2.2237302560375,38.6133018501987,35.7770323205013,35.7770876399966,-1.08947368133639,-0.879672888213754,0.855696991493666
4000,1259,10,1.31875284408469,400,409.905408355665,-5.28134250528418,415.18675086095,397.875147533938,398.087466228364,2.12318694425608,27.798071112814,26.8326883137349,26.8328157299975,0.432773222750046,0.637255739442006,0.329456546720455
4000,1259,25,1.31875284408469,160,160.453705766397,-2.2838201190462,162.737525885444,157.942335857,158.024486507636,2.05376626590872,17.7655513929241,17.5266732282708,17.5271218401653,0.141361776724696,0.268906672499907,0.430622457151963
4000,1259,50,1.31875284408469,80,80.3429050927104,-0.989618924159745,81.3325240168702,77.9585353399361,77.999216565182,2.03406126229624,12.6043988228969,12.5207914530373,12.5219806739988,0.189169653093086,0.266221785115632,0.405547668544977
4000,1260,2,1.70921438863205,2000,1995.27044217292,31.1538407162704,1964.11660145665,1997.49265459938,1998.7460959512,2.50688270363937,60.9031653724845,44.7213346232168,44.7213595499958,-0.0364876343104773,-0.774339468763846,0.51302383655345
4000,1260,5,1.70921438863205,800,793.355898307576,12.4983618970758,780.8575364105,797.780264809803,798.224002050472,2.21868620334289,39.4138977172031,35.7770254435468,35.7770876399966,-0.112253970261263,-0.485408315103631,0.539739542159667
4000,1260,10,1.70921438863205,400,386.723472744009,6.29747852855897,380.42599421545,397.88192419683,398.093548940175,2.11624743344879,28.077533161378,26.8326746378564,26.8328157299975,-0.397415662860649,-0.658434351520022,0.647966360879058
4000,1260,25,1.70921438863205,160,141.512500174569,2.56864716556028,138.943853009008,157.942038977925,158.024192869641,2.05384729289599,17.8356441311633,17.5266459614581,17.5271218401653,-0.921163187745497,-1.08864753145532,0.822263001031194
4000,1260,50,1.70921438863205,80,76.7674478439989,1.24275120252024,75.5246966414787,77.959921776369,78.0005645773234,2.03214004772058,12.6289293881047,12.5207024851518,12.5219806739988,-0.0944239923847631,-0.197741934909872,0.518236780095013
4000,1261,2,2.01279002321843,2000,1958.38981447016,-0.253563849356099,1958.64337831952,1997.48862223226,1998.74407868724,2.51091290997447,63.3464727291645,44.7213334486229,44.7213595499958,-0.617221544903675,-0.896679443017797,0.732447069612235
4000,1261,5,2.01279002321843,800,774.643053431857,0.365749192348444,774.277304239509,797.800946869329,798.240554054276,2.19803592473743,40.0253825607653,35.7770255338613,35.7770876399966,-0.578580189766191,-0.669794357054299,0.71692436744735
4000,1261,10,2.01279002321843,400,379.694497200123,0.17172062651214,379.522776573611,397.897406595434,398.107487328262,2.10080732828167,28.2929564300737,26.8326761498588,26.8328157299975,-0.643372474711139,-0.692614879367859,0.737390212897677
4000,1261,25,2.01279002321843,160,156.321200179893,0.412750879557954,155.908449300335,157.95252137451,158.034258528593,2.04342885208402,17.8899635896171,17.526648631415,17.5271218401653,-0.0911863898685611,-0.121290115010817,0.522818564082171
4000,1261,50,2.01279002321843,80,71.8386100933791,0.0884817053966571,71.7501283879824,77.964282804567,78.0048459958376,2.02815956353024,12.6481897659393,12.5207600992674,12.5219806739988,-0.484312207876883,-0.499547755748558,0.674783506654141
4000,1262,2,1.93993349538527,2000,1945.07570801964,-32.2850754542087,1977.36078347385,1997.48888304649,1998.7442154435,2.51066479402737,62.7686628678085,44.7213321619414,44.7213595499958,-0.835021372643066,-0.478148367589325,0.797905716129703
4000,1262,5,1.93993349538527,800,720.078711080898,-13.0581023868008,733.136813467699,797.803901617886,798.242919233399,2.19508807756262,39.8793212321401,35.77702344021,35.7770876399966,-1.94900986615457,-1.81977424350308,0.977304325960154
4000,1262,10,1.93993349538527,400,356.490330784206,-6.5514660936336,363.04179687784,397.897782070358,398.107825884537,2.10043814178903,28.2413031740937,26.832673153422,26.8328157299975,-1.46620186153931,-1.30684068658383,0.933442772136169
4000,1262,25,1.93993349538527,160,130.796005608605,-2.77895363490256,133.574959243508,157.948549549043,158.030447570553,2.04745053776689,17.8769001818651,17.5266540112587,17.5271218401653,-1.51886197630515,-1.39533126581582,0.944097165015468
4000,1262,50,1.93993349538527,80,70.2886727515803,-1.12780767148767,71.416480423068,77.9632616198966,78.0038423250976,2.02903526004925,12.6434498649486,12.5207333714075,12.5219806739988,-0.607001170589725,-0.526116298991923,0.720775156813368
4000,1263,2,1.52908420835042,2000,1998.38207642536,12.2769003234009,1986.10517610196,1997.48592392283,1998.74276912849,2.51369041133736,59.4060192521584,44.7213386264148,44.7213595499958,0.0150852138187372,-0.282585303004914,0.493381818332569
4000,1263,5,1.52908420835042,800,776.796161142278,4.84486324204639,771.951297900232,797.796731904752,798.237191092878,2.20229594063118,39.0465922514712,35.7770288118327,35.7770876399966,-0.537833638009276,-0.734714258439274,0.698053120284154
4000,1263,10,1.52908420835042,400,390.415568141114,2.42324879461715,387.992319346497,397.882947480219,398.094484464392,2.11536984172953,27.94900457889,26.8326851348838,26.8328157299975,-0.267178722520408,-0.376487297753206,0.597499429565095
4000,1263,25,1.52908420835042,160,145.73144376813,0.980463544464373,144.750980223666,157.943345194939,158.025457120066,2.05279812817859,17.803392028502,17.5266751320478,17.5271218401653,-0.685931164536404,-0.75738705695112,0.748926850912173
4000,1263,50,1.52908420835042,80,72.3850757135745,0.304069738915407,72.0810059746591,77.9601350542726,78.0007842885433,2.03246171353423,12.6177357693566,12.5207900546364,12.5219806739988,-0.441843088380224,-0.472795908888527,0.658026368391545
4000,1264,2,1.98157626630288,2000,1911.50791886738,-57.1403482396957,1968.64826710708,1997.49510753344,1998.74733924192,2.50446341695506,63.0995505619856,44.7213332594599,44.7213595499958,-1.36272268027627,-0.673036109192302,0.915885494922288
4000,1264,5,1.98157626630288,800,775.721422815884,-22.6865996537929,798.408022469677,797.786963612086,798.229362908553,2.21199648233731,39.9627442048993,35.7770192276544,35.7770876399966,-0.552152792187279,0.00499369609266648,0.707539217523358
4000,1264,10,1.98157626630288,400,422.372199334572,-11.2863977852833,433.658597119856,397.890682641232,398.101431793,2.10749151768119,28.2707400568156,26.8326685052513,26.8328157299975,0.865966601657413,1.32514458336103,0.192058733345916
4000,1264,25,1.98157626630288,160,171.181898984701,-4.65061013815237,175.832509122854,157.943870805043,158.025947267285,2.05191155604103,17.8842693945214,17.5266274256186,17.5271218401653,0.740205142722432,1.01597195074399,0.22388832911671
4000,1264,50,1.98157626630288,80,73.0445069709851,-2.22373251398579,75.2682394849709,77.962926134928,78.0035071227277,2.02904938998338,12.6460151542176,12.5206826904431,12.5219806739988,-0.388930355053586,-0.218459943869079,0.637501738097279
4000,1265,2,1.83392535008008,2000,2086.3929663148,56.9979110849974,2029.3950552298,1997.50802190894,1998.75377536998,2.49150692207627,61.9185459856331,44.7213315722284,44.7213595499958,1.43551407726014,0.685160275479098,0.0824591902274868
4000,1265,5,1.83392535008008,800,842.86119423322,22.4721505702976,820.389043662922,797.766952660578,798.213353991856,2.23200665638617,39.6661737137637,35.7770234643877,35.7770876399966,1.13684374747227,0.619830481234412,0.131534315351755
4000,1265,10,1.83392535008008,400,437.196161328627,11.255822192332,425.940339136295,397.87993122671,398.091755607032,2.11824380321652,28.1661578838659,26.8326731780548,26.8328157299975,1.39586770279512,1.03786094454574,0.0854118629902873
4000,1265,25,1.83392535008008,160,162.989769955799,4.32812290259484,158.661647053204,157.94157141564,158.023744362052,2.05432366030627,17.8579307562183,17.5266436844671,17.5271218401653,0.282686645450279,0.0363961693200274,0.376300512177088
4000,1265,50,1.83392535008008,80,75.5104650225275,2.16579676333325,73.3446682591942,77.9589230858452,77.9995888634814,2.03328888181084,12.6368172782978,12.5207240403367,12.5219806739988,-0.193755912536826,-0.371777270171513,0.558801672013825
4000,1266,2,1.87842093852353,2000,2016.34066047126,13.8877839253495,2002.45287654591,1997.49253371461,1998.74603367028,2.50699991134037,62.2767920793784,44.7213313674406,44.7213595499958,0.302650893331544,0.0828875787523072,0.382167995563843
4000,1266,5,1.87842093852353,800,825.930684515896,5.45996464105216,820.470719874844,797.796466732774,798.236970235524,2.20251751375122,39.7558503109902,35.7770245530433,35.7770876399966,0.707674909806774,0.621453290682551,0.239538542477807
4000,1266,10,1.87842093852353,400,424.788105393007,2.63851209604348,422.149593296963,397.885249272849,398.096546503152,2.11297230303531,28.1977772240193,26.8326742427732,26.8328157299975,0.954077192199453,0.896408854972374,0.170427138571513
4000,1266,25,1.87842093852353,160,164.45447699478,1.36854763323385,163.085929361546,157.939005240194,158.0212821572,2.05692292513844,17.8659031393644,17.5266459430348,17.5271218401653,0.364687511387529,0.288968421043432,0.346181101872912
4000,1266,50,1.87842093852353,80,68.0676292220838,0.348485800906578,67.7191434211772,77.9653290867616,78.0058671345642,2.02690239013368,12.6396273060356,12.5207243405477,12.5219806739988,-0.78306896437931,-0.821575767791165,0.781637798430357
4000,1267,2,1.51091234896724,2000,1976.28524324906,-19.6974613775033,1995.98270462657,1997.48808696148,1998.74381592293,2.51145792289194,59.2527974666479,44.7213336914547,44.7213595499958,-0.357837007178476,-0.0617403612202162,0.63088893061576
4000,1267,5,1.51091234896724,800,786.598966340099,-8.02158400763741,794.620550347737,797.76816203588,798.214331165753,2.23084564936699,39.0093590852363,35.7770279563938,35.7770876399966,-0.286320922919434,-0.100449395136919,0.606437116204622
4000,1267,10,1.51091234896724,400,426.159684799509,-3.87831238121581,430.037997180725,397.874658698197,398.08702020266,2.12361504462978,27.9359533944901,26.8326818385711,26.8328157299975,1.01249546424612,1.19074854948477,0.158903080758018
4000,1267,25,1.51091234896724,160,160.801436704092,-1.56714180708073,162.368578511173,157.93962640926,158.021886802719,2.0565098364703,17.8001189951777,17.5266754147303,17.5271218401653,0.160774784461105,0.248004347978081,0.42303685286977
4000,1267,50,1.51091234896724,80,77.6147636464369,-0.799379352384393,78.4141429988213,77.9558575600955,77.9965938216112,2.03681307578514,12.6165734732371,12.520803136692,12.5219806739988,-0.0270353843998996,0.0333484340143107,0.491010190018846
4000,1268,2,2.03357766477485,2000,1876.00081453886,-89.4048727217194,1965.40568726058,1997.46368738876,1998.73160704814,2.53583931875699,63.5103781773066,44.721336075841,44.7213595499958,-1.91248857802117,-0.745190611726076,0.975006963924659
4000,1268,5,2.03357766477485,800,730.26833767731,-35.8878787257818,766.156216403091,797.789580062088,798.231454085283,2.20937011597574,40.0668587417412,35.7770244793714,35.7770876399966,-1.68521427696641,-0.896531730879023,0.958103877862807
4000,1268,10,2.03357766477485,400,379.58825557298,-17.7629548328843,397.351210405864,397.887451055017,398.098519670858,2.11068615841046,28.3076052729101,26.8326704221511,26.8328157299975,-0.646440958379107,-0.027850722765832,0.738655541025655
4000,1268,25,2.03357766477485,160,174.804120978656,-7.40721373674188,182.211334715398,157.939683116568,158.021931189834,2.0562018316307,17.8936841554939,17.5266419270895,17.5271218401653,0.942479911656962,1.38015049466929,0.170821827533112
4000,1268,50,2.03357766477485,80,95.2545271052066,-3.50759562516785,98.7621227303745,77.9629775991017,78.0035619219337,2.0292161416029,12.6494672962605,12.520722769072,12.5219806739988,1.36697847435969,1.65793630218516,0.0895546174620192
4000,1269,2,1.93729686485138,2000,2029.20752957032,22.785141580661,2006.42238798966,1997.47493902833,1998.73723756895,2.52459708123831,62.7477808167855,44.7213346481829,44.7213595499958,0.505716538958439,0.171845283267273,0.307950925716885
4000,1269,5,1.93729686485138,800,777.085493311693,9.06214104697436,768.023352264719,797.767896244982,798.214122507863,2.23113131440284,39.8741928849272,35.7770281244518,35.7770876399966,-0.518691450206314,-0.843859085727421,0.695477445940088
4000,1269,10,1.93729686485138,400,400.180367050827,4.6214448585712,395.558922192256,397.873914774833,398.08634353746,2.12428762626836,28.2395655325503,26.8326774558153,26.8328157299975,0.0816744957827254,-0.0941919176483829,0.459869756223945
4000,1269,25,1.93729686485138,160,167.363644976558,1.65010801588619,165.713536960672,157.941317614244,158.023506322152,2.05471769771043,17.8765184271202,17.5266613649056,17.5271218401653,0.527078435363573,0.438761865617949,0.289783004897233
4000,1269,50,1.93729686485138,80,84.4099416907434,1.02977347441254,83.3801682163308,77.9577918408002,77.9984842937776,2.03462264886916,12.6434593079061,12.5207576227041,12.5219806739988,0.510315230413922,0.429820948917223,0.290186972964373
4000,1270,2,2.11427558274593,2000,2112.42545177196,65.9483434086115,2046.47710836334,1997.47311806245,1998.73633552891,2.52643493292538,64.1424539645175,44.7213348742088,44.7213595499958,1.79214118894009,1.06751672258253,0.0369539975650735
4000,1270,5,2.11427558274593,800,854.143093694156,26.6820085977356,827.46108509642,797.803644146463,798.242705712323,2.19530782930371,40.2276372035405,35.7770244793323,35.7770876399966,1.40051600004821,0.816679972952357,0.0822249165726223
4000,1270,10,2.11427558274593,400,421.254515291623,13.4900219815816,407.764493310042,397.897780116659,398.107818103282,2.10037986623463,28.36458303361,26.8326727777426,26.8328157299975,0.823447154054353,0.359884953942033,0.202640510053982
4000,1270,25,2.11427558274593,160,168.123193609443,5.29417692261755,162.829016686826,157.956559825836,158.038129628834,2.03924507493813,17.9080936019201,17.5266353187664,17.5271218401653,0.567711673258019,0.273348932687751,0.275899894308758
4000,1270,50,2.11427558274593,80,86.7918070995992,2.69032792761721,84.101479171982,77.9698118781043,78.0102550278957,2.0221574895697,12.6544790075687,12.5206854460062,12.5219806739988,0.697144087577088,0.486492865774314,0.232084450794616
4000,1271,2,2.00730820561153,2000,2010.88394432591,45.8322238967854,1965.05172042913,1997.50708155473,1998.75331974096,2.49247637247144,63.3030836543446,44.7213324853341,44.7213595499958,0.21131455213505,-0.753591126178711,0.415304985337862
4000,1271,5,2.00730820561153,800,801.981666844431,18.5642098098724,783.417457034559,797.792668189624,798.233921753644,2.20626782009915,40.0142797689127,35.7770198062844,35.7770876399966,0.104687593504098,-0.414133563927604,0.453753886324728
4000,1271,10,2.00730820561153,400,357.211598619088,9.3007777435143,347.910820875574,397.890250420512,398.101037128988,2.10786708476389,28.2889923385151,26.8326681333412,26.8328157299975,-1.43796750745485,-1.87048921128533,0.929817551761754
4000,1271,25,2.00730820561153,160,135.939146626473,3.73784695824143,132.201299668232,157.946667730934,158.028631494334,2.04909408499736,17.8888983419104,17.5266263820459,17.5271218401653,-1.23023344891518,-1.47360543113762,0.897247899916968
4000,1271,50,2.00730820561153,80,61.8128383839569,2.06362026103883,59.7492181229181,77.9624385390009,78.0030278603303,2.02946606646564,12.6476987995999,12.5206740624253,12.5219806739988,-1.27688051486132,-1.45789353244105,0.91052322743563
4000,1272,2,2.03630462150986,2000,1947.3385691215,-15.6188238569985,1962.9573929785,1997.4905617286,1998.74504607494,2.50896869266401,63.5316335033721,44.7213332054011,44.7213595499958,-0.789401906444641,-0.800236722194041,0.787487896118248
4000,1272,5,2.03630462150986,800,783.612932952334,-6.39264237659276,790.005575328927,797.776635916041,798.221105956933,2.2223502044577,40.0722307787958,35.7770253534417,35.7770876399966,-0.353454317077902,-0.229631461722846,0.635178570758879
4000,1272,10,2.03630462150986,400,411.612926603063,-3.20452670804778,414.817453311111,397.883580638949,398.095045010889,2.11464371940222,28.3094804774696,26.8326754595887,26.8328157299975,0.484973434077703,0.623210619656862,0.308301971335127
4000,1272,25,2.03630462150986,160,155.823227430634,-1.03297304706304,156.856200477697,157.937081016219,158.019439247951,2.05895579329486,17.8942019054336,17.5266591973611,17.5271218401653,-0.118130643476378,-0.0663696804482283,0.534053131685786
4000,1272,50,2.03630462150986,80,85.0653241881181,-0.484924575456065,85.5502487635742,77.9544766937548,77.9952291291036,2.03762176744086,12.6496463312836,12.520707451253,12.5219806739988,0.562138047826494,0.603401977395016,0.273432092261805
4000,1273,2,1.70889939211884,2000,1975.45144558737,-36.3769572016797,2011.82840278905,1997.50101031676,1998.75026383322,2.49850703293283,60.9005077316251,44.7213341524795,44.7213595499958,-0.362058799682786,0.292436243320435,0.635890903246032
4000,1273,5,1.70889939211884,800,792.65326682656,-14.3835165388505,807.03678336541,797.783279672494,798.226421646575,2.21570987040441,39.4132117566631,35.7770256747445,35.7770876399966,-0.130159726073749,0.246257522884439,0.546743486092058
4000,1273,10,1.70889939211884,400,380.481523681455,-7.17142704898762,387.652950730442,397.884087871991,398.095502068543,2.114141965516,28.0772787568069,26.8326781301249,26.8328157299975,-0.619809502953263,-0.389172906538051,0.727927685822982
4000,1273,25,1.70889939211884,160,173.608499517985,-2.96316849005204,176.571668008037,157.945655485409,158.027670400239,2.05037287074917,17.8355576622001,17.5266596921731,17.5271218401653,0.8781807852171,1.0580451685314,0.187295132353654
4000,1273,50,1.70889939211884,80,69.8753997758728,-1.5234583073402,71.398858083213,77.9577074586273,77.9983977343196,2.03451378461735,12.6288954659432,12.520725382295,12.5219806739988,-0.6399853181579,-0.527089242005003,0.732590940834254
4000,1274,2,2.10214765563281,2000,1967.87930988912,-41.1290546204895,2009.00836450961,1997.47199552245,1998.73578266336,2.5275742818195,64.0477970844983,44.721334051575,44.7213595499958,-0.46204064746044,0.229702044093687,0.680230755692654
4000,1274,5,2.10214765563281,800,808.288514148344,-16.462626526605,824.751140674949,797.798722871584,798.238772105856,2.20024617136166,40.2035384280628,35.7770227636444,35.7770876399966,0.260917115430758,0.741044573335307,0.392385434081873
4000,1274,10,2.10214765563281,400,382.291087189097,-8.42357165455981,390.714658843657,397.882295652548,398.09389207073,2.11596418182284,28.3560142177866,26.8326772037615,26.8328157299975,-0.549837799618222,-0.275009205046408,0.705599934132703
4000,1274,25,2.10214765563281,160,138.603371961303,-3.31276244580326,141.916134407106,157.945917235588,158.027914411289,2.0499293925257,17.9059831831093,17.5266374452126,17.5271218401653,-1.08022804871899,-0.919273879804253,0.86463485353334
4000,1274,50,2.10214765563281,80,67.2828214247129,-1.77160456544493,69.0544259901579,77.9606028338802,78.0012331831789,2.03151746493847,12.65378318926,12.5207065301328,12.5219806739988,-0.843841027577434,-0.714560889314778,0.801446829647996
4000,1275,2,2.29403142293222,2000,1942.03631260377,-14.9620243101134,1956.99833691389,1997.50630212871,1998.75292489901,2.49324554060862,65.5286761475967,44.7213301362841,44.7213595499958,-0.846499468415816,-0.933661585151436,0.811419299298364
4000,1275,5,2.29403142293222,800,779.616857381308,-5.75667710968725,785.373534490995,797.787703963807,798.229954097354,2.21125066773524,40.5834596594647,35.777019903016,35.7770876399966,-0.447740205861465,-0.359348532695289,0.672567892884398
4000,1275,10,2.29403142293222,400,386.349661226956,-2.66116975670315,389.010830983659,397.885561067263,398.09681762611,2.11256558846709,28.4908864250213,26.8326633137788,26.8328157299975,-0.404897891494755,-0.338616653002367,0.652967417993648
4000,1275,25,2.29403142293222,160,160.237546126023,-0.995415538255663,161.232961664278,157.943997075873,158.026070037381,2.05182403768197,17.9400188279537,17.526627329051,17.5271218401653,0.127845409313373,0.182972546097458,0.435356550070114
4000,1275,50,2.29403142293222,80,80.4617173687219,-0.521970232929461,80.9836876016514,77.9609750199072,78.001593534107,2.03092570999085,12.6655495017966,12.520662515307,12.5219806739988,0.197444441590158,0.238173823781182,0.401939939508114
4000,1276,2,1.6661603984505,2000,2057.83064765511,-43.1770916964628,2101.00773935157,1997.48095745933,1998.74026691792,2.51861891718331,60.5486198580254,44.7213377786692,44.7213595499958,0.996714546711151,2.28677131573706,0.171637665821961
4000,1276,5,1.6661603984505,800,811.21481737064,-17.3030826592478,828.517900029888,797.788441446024,798.230558662481,2.2105860822806,39.326412769491,35.7770297256664,35.7770876399966,0.341408610119456,0.846558297311069,0.364806140223468
4000,1276,10,1.6661603984505,400,435.119646362016,-8.67653852496486,443.796184886981,397.881324272792,398.093020194125,2.11695921333385,28.0468430814942,26.8326826639965,26.8328157299975,1.32771884454243,1.70326483062311,0.0967468476067783
4000,1276,25,1.6661603984505,160,167.401420735671,-3.55173761623498,170.953158351906,157.94188937443,158.024056723819,2.05418373473821,17.8279314395992,17.5266661888948,17.5271218401653,0.530601735444742,0.737681740996401,0.289083858340841
4000,1276,50,1.6661603984505,80,84.7672598376791,-1.9166852850536,86.6839451227327,77.954730233496,77.9954856835126,2.03777250083092,12.6262956876617,12.5207729473927,12.5219806739988,0.539550931857253,0.693923568115603,0.280981901904835
4000,1277,2,1.9990941509252,2000,1998.3693902706,25.1796152669828,1973.18977500361,1997.49913362367,1998.74933696942,2.50040669150304,63.2382345826117,44.7213316564491,44.7213595499958,0.013761558219876,-0.57152953678019,0.493461857353789
4000,1277,5,1.9990941509252,800,850.271321779382,10.2066906634178,840.064631115964,797.779379882404,798.223299348658,2.21959733127111,39.9978809961507,35.7770234553118,35.7770876399966,1.31236807024925,1.16950287436764,0.0972305165861492
4000,1277,10,1.9990941509252,400,421.760498387959,5.08237308752199,416.678125300437,397.879653950098,398.091505582669,2.11851632570621,28.2831777316589,26.8326707122927,26.8328157299975,0.844347995986678,0.692686162963782,0.197805244577932
4000,1277,25,1.9990941509252,160,155.633676252852,2.15243860535635,153.481237647496,157.946609608761,158.028580310894,2.04926755331553,17.8874240087582,17.5266374940998,17.5271218401653,-0.129304999690105,-0.259453227404802,0.538329172065519
4000,1277,50,1.9990941509252,80,77.225312672358,1.20807489717014,76.0172377751879,77.966372968288,78.0068879519221,2.02574918170192,12.6471854196643,12.5207055785746,12.5219806739988,-0.0585948787291259,-0.158908790263295,0.503502021689427
4000,1278,2,2.01949490402481,2000,2019.26293068067,35.6397944441474,1983.62313623652,1997.47864649719,1998.73909488197,2.52089676954924,63.3993041909878,44.7213297828411,44.7213595499958,0.343604467926816,-0.338003335742644,0.36477809656933
4000,1278,5,2.01949490402481,800,807.775385741249,14.3064402620347,793.468945479214,797.775319776593,798.220050729403,2.22365476405177,40.0386366344775,35.7770223785606,35.7770876399966,0.249760401582826,-0.132797671083891,0.397289108013811
4000,1278,10,2.01949490402481,400,396.225819243129,6.87617309042738,389.349646152701,397.881088642423,398.092802706176,2.11714063752842,28.2975878635311,26.8326737448718,26.8328157299975,-0.0584950705790583,-0.325839930698131,0.515689083735036
4000,1278,25,2.01949490402481,160,174.302597253573,2.80663036963855,171.495966883934,157.933560274055,158.016054029598,2.06234388857372,17.8910862023997,17.5266411638652,17.5271218401653,0.914926952692329,0.769109878402,0.177606556405632
4000,1278,50,2.01949490402481,80,76.4124142719718,1.39116457614275,75.021249695829,77.9533964208797,77.9941672075194,2.03853933198189,12.648390939909,12.5206736771814,12.5219806739988,-0.121832267537345,-0.237440699146117,0.529686528723812
4000,1279,2,1.85746562262741,2000,1916.29656945523,-46.1340409083957,1962.43061036362,1997.49405827771,1998.74682708067,2.50553760591077,62.1083997272193,44.7213368402383,44.7213595499958,-1.30735116633348,-0.812055705015733,0.90319241751182
4000,1279,5,1.85746562262741,800,776.462868011341,-18.5475646757393,795.01043268708,797.780203387882,798.223964230221,2.2188042116961,39.7136350801576,35.7770291207791,35.7770876399966,-0.536776231476024,-0.0898210841457068,0.701008737270296
4000,1279,10,1.85746562262741,400,401.283732022142,-9.40370140166697,410.687433423809,397.885103345733,398.096416006259,2.11312660526203,28.1829363533485,26.8326794187545,26.8328157299975,0.120591716696866,0.469241897950346,0.444453939455848
4000,1279,25,1.85746562262741,160,162.345152995992,-3.5692754116399,165.914428407632,157.944147260679,158.02622455304,2.05193230902966,17.8622280618793,17.5266668630663,17.5271218401653,0.246386157430483,0.450068681981671,0.389870071124292
4000,1279,50,1.85746562262741,80,69.9611338859541,-1.62953463874543,71.5906685246995,77.9654756671557,78.0060163640252,2.02703484347501,12.6384667436657,12.5207757897692,12.5219806739988,-0.633331712109256,-0.512376225486583,0.730156783262285
4000,1280,2,1.54335021995742,2000,2060.57356851477,-33.6742357620918,2094.24780427686,1997.4879923411,1998.74377031036,2.5115559385152,59.5258748850989,44.7213351987859,44.7213595499958,1.059800906672,2.13553628356559,0.161028315809452
4000,1280,5,1.54335021995742,800,873.853003880099,-13.6347908900372,887.487794770136,797.781541096566,798.22503990729,2.21749405362126,39.0757597993465,35.7770283985477,35.7770876399966,1.94676861497151,2.49497397795255,0.0315681383858091
4000,1280,10,1.54335021995742,400,457.69763493921,-6.68092330680471,464.378558246015,397.87802597551,398.090050862221,2.12024886710426,27.9591530836652,26.8326820962203,26.8328157299975,2.13953580012582,2.47043911399121,0.0205820274984217
4000,1280,25,1.54335021995742,160,194.125327412958,-3.07810834033617,197.203435753295,157.939906095649,158.022154911187,2.05622038843546,17.8059315246762,17.5266747458891,17.5271218401653,2.03221164066377,2.23552279084187,0.0266779670443405
4000,1280,50,1.54335021995742,80,107.190586897974,-1.49866630435649,108.689253202331,77.9523504291569,77.9931511298569,2.04003503500156,12.6185894141416,12.5207582099141,12.5219806739988,2.31707645832825,2.45161687158597,0.0158489125197192
4000,1281,2,1.89747168257678,2000,2017.29536646605,19.5587915347001,1997.73657493135,1997.48486248708,1998.74219493185,2.51466488954421,62.4295577178152,44.7213360467255,44.7213595499958,0.317325714023483,-0.0224863586241157,0.376456725023917
4000,1281,5,1.89747168257678,800,791.021188483146,8.02243717322107,782.998751309925,797.778661091581,798.222730111146,2.22034509782082,39.7941857048916,35.7770285893737,35.7770876399966,-0.169810551183225,-0.425523845927837,0.562968551422588
4000,1281,10,1.89747168257678,400,408.317266711376,3.86877915597281,404.448487555404,397.882205102353,398.093811823475,2.11606721121727,28.2113660574008,26.8326833517676,26.8328157299975,0.369888561503593,0.236825950227228,0.349691120304864
4000,1281,25,1.89747168257678,160,152.639240448308,1.6114146626278,151.02782578568,157.944995976416,158.027035880301,2.05099759712291,17.8694799413646,17.5266612198903,17.5271218401653,-0.296917176410188,-0.399346458906733,0.605428912774587
4000,1281,50,1.89747168257678,80,77.2770744602397,0.812662876031099,76.4644115842086,77.9608349880529,78.0014621943356,2.03136031413553,12.6410375597127,12.5207303356164,12.5219806739988,-0.0540905384216513,-0.122760459567978,0.501839249887922
4000,1282,2,1.84647263583911,2000,1906.17445501309,-45.6996837246904,1951.87413873778,1997.478474318,1998.7390076292,2.52106662239744,62.0198550757611,44.7213367507896,44.7213595499958,-1.47217401900372,-1.04793086021948,0.928525655752407
4000,1282,5,1.84647263583911,800,750.05867547714,-18.2274705244393,768.286146001579,797.78321131103,798.226370553157,2.21579621063503,39.6915736974439,35.7770297495173,35.7770876399966,-1.20238457153848,-0.836856071093521,0.886509230928967
4000,1282,10,1.84647263583911,400,349.575425870297,-9.20637351312142,358.781799383419,397.883030656073,398.094550849895,2.11520193822133,28.1751451071654,26.832679593112,26.8328157299975,-1.71454679654838,-1.46510717761369,0.961427179099835
4000,1282,25,1.84647263583911,160,137.245218614736,-3.80225406761349,141.047472682349,157.948602609129,158.030501682981,2.04747684630296,17.8602309689045,17.526666406539,17.5271218401653,-1.15918904018873,-0.968982270028022,0.881999866560861
4000,1282,50,1.84647263583911,80,65.3576260373849,-2.03268538463721,67.3903114220221,77.9643146433558,78.0048752690343,2.02803128392646,12.6376939885508,12.5207489325072,12.5219806739988,-0.997546594924044,-0.847757902041623,0.845792993998576
4000,1283,2,1.66262132648331,2000,1906.23610834134,-83.9333124137947,1990.16942075513,1997.46720374671,1998.73338758887,2.53236768431955,60.5194756558263,44.7213387250444,44.7213595499958,-1.50746671904762,-0.191496209145001,0.928388244040609
4000,1283,5,1.66262132648331,800,768.110902255151,-33.3317509987244,801.442653253875,797.788749058786,798.230799180098,2.21025060656002,39.3192084866596,35.7770289946336,35.7770876399966,-0.754792579654918,0.0897741976914531,0.77064490498681
4000,1283,10,1.66262132648331,400,383.512251398042,-16.8725669023775,400.38481830042,397.897785585654,398.107837217129,2.1005163147492,28.0443593948301,26.8326857115455,26.8328157299975,-0.512956419687875,0.0848584859439101,0.690111511470001
4000,1283,25,1.66262132648331,160,147.078708336385,-6.793817833821,153.872526170206,157.950363899316,158.032192505147,2.04571514576196,17.8273279575312,17.5266679361982,17.5271218401653,-0.609830906169991,-0.23733355079714,0.722870805282063
4000,1283,50,1.66262132648331,80,68.9975471584829,-3.61173157356979,72.6092787320527,77.9690252421828,78.0094981510654,2.02364544413057,12.626159387232,12.5208009310062,12.5219806739988,-0.710546874037731,-0.431299838466382,0.756971566470981
4000,1284,2,1.49643883258066,2000,1986.06142265584,20.6960384003386,1965.36538425551,1997.4802810516,1998.73990983031,2.51925755740905,59.1305319655783,44.7213344374974,44.7213595499958,-0.193112729011266,-0.746277498079755,0.570907751071835
4000,1284,5,1.49643883258066,800,804.752236139468,8.32559952159167,796.426636617876,797.794525513371,798.235426106731,2.20450296679993,38.9796146268731,35.7770284590352,35.7770876399966,0.178496136831985,-0.0505572868055919,0.426528340093304
4000,1284,10,1.49643883258066,400,385.266986766858,4.01446939094859,381.25251737591,397.896765711094,398.106917631658,2.10151920563595,27.9255558411134,26.8326809972883,26.8328157299975,-0.452265982317231,-0.62812956548961,0.667317721841072
4000,1284,25,1.49643883258066,160,158.883274165796,1.39919037416255,157.484083791633,157.951954816577,158.033719810601,2.0441248506077,17.7974173715284,17.5266642991656,17.5271218401653,0.0523289042324116,-0.0313599901034259,0.465298938971755
4000,1284,50,1.49643883258066,80,76.4325834835322,0.621829721534633,75.8107537619976,77.9636381788815,78.0042131859377,2.0287503528122,12.615481370838,12.5207516246569,12.5219806739988,-0.121363160892811,-0.175185922514476,0.529035694029929
4000,1285,2,1.79394509626303,2000,2080.94825053938,37.5917448563002,2043.35650568308,1997.49807954725,1998.74880412032,2.50144914613455,61.5947593152886,44.7213322840169,44.7213595499958,1.35482583128479,0.997459138280133,0.0959528203857278
4000,1285,5,1.79394509626303,800,802.692860042089,15.1596552800944,787.533204761995,797.795550943441,798.236239607991,2.2034433227507,39.5854166389453,35.7770241205531,35.7770876399966,0.123714981790302,-0.29915944964934,0.446733182163599
4000,1285,10,1.79394509626303,400,360.920069367961,7.3468362209479,353.573233147013,397.897802436865,398.107843622079,2.10041185213198,28.137739194346,26.8326746544413,26.8328157299975,-1.31416859092697,-1.65971566564253,0.908837380527901
4000,1285,25,1.79394509626303,160,137.837044373945,3.22966582011027,134.607378553835,157.953503201798,158.035202707714,2.04248764791123,17.8508314631256,17.5266561100083,17.5271218401653,-1.12691999078064,-1.33669674391003,0.874622846174633
4000,1285,50,1.79394509626303,80,64.8423780650152,1.7147034943617,63.1276745706535,77.9646819541298,78.0052338404423,2.027594315626,12.6342613383909,12.5207320080717,12.5219806739988,-1.03862849894047,-1.18823398346021,0.856585165519366
4000,1286,2,1.2003260378989,2000,2078.02611874851,36.2385222131428,2041.78759653537,1997.49326736627,1998.74643745165,2.5063401707667,56.5713745989003,44.7213436526425,44.7213595499958,1.42356186239482,0.962429917536163,0.103843474761262
4000,1286,5,1.2003260378989,800,819.555361845753,14.4791793064589,805.076182539294,797.803042519768,798.242254805291,2.19606142761087,38.3671999965246,35.7770373550913,35.7770876399966,0.566950919742777,0.191014355553703,0.290670422522177
4000,1286,10,1.2003260378989,400,401.338913381817,7.0471041394409,394.291809242376,397.89280955177,398.103366455983,2.10556904212655,27.7128037586047,26.8326943004641,26.8328157299975,0.124350601983981,-0.14204899332607,0.443685710002025
4000,1286,25,1.2003260378989,160,140.662451976859,3.03726160775525,137.625190369104,157.946294309474,158.028292332112,2.04995056595621,17.7443350604294,17.5266953250889,17.5271218401653,-0.974048465256867,-1.16411574370224,0.835366660348703
4000,1286,50,1.2003260378989,80,73.7344754544175,1.38425155432147,72.350223900096,77.9666527177668,78.0071762119109,2.02617470720554,12.5970621970589,12.5208365175961,12.5219806739988,-0.335965417741401,-0.451803064744509,0.615732526913734
4000,1287,2,1.2783900931776,2000,1938.28876910913,-30.1527398155021,1968.44150892464,1997.45372799066,1998.72665614147,2.54585630162018,57.2570860812214,44.7213351091046,44.7213595499958,-1.03332116478293,-0.677196848952451,0.827311493320903
4000,1287,5,1.2783900931776,800,748.921498453611,-11.9857761728148,760.907274626426,797.763883606611,798.21091840162,2.23517397504616,38.5295589008445,35.7770318695305,35.7770876399966,-1.26766011722831,-1.04267016646967,0.892114615386497
4000,1287,10,1.2783900931776,400,360.02735272876,-6.02272574339606,366.050078472156,397.870140930207,398.082963014854,2.12822084646973,27.7690482980615,26.8326912825852,26.8328157299975,-1.36276864065555,-1.1938006592536,0.914255548941172
4000,1287,25,1.2783900931776,160,134.502400496519,-2.37835208265633,136.880752579176,157.935779741213,158.018198939236,2.06047995057132,17.7583124039804,17.5266904379698,17.5271218401653,-1.31957241834765,-1.20601470282535,0.912405464147075
4000,1287,50,1.2783900931776,80,69.4607312093235,-1.29036079086236,70.7510920001859,77.9550925873458,77.9958479784529,2.03776955535726,12.6019399475243,12.5208353716942,12.5219806739988,-0.674051885137812,-0.578616023867323,0.744233467208579
4000,1288,2,1.8641230253537,2000,2000.40914287461,11.3183509236533,1989.09079195096,1997.50899278655,1998.75426455316,2.49054353321771,62.1619505120708,44.7213357900376,44.7213595499958,0.0466547472235515,-0.216081931174144,0.480602681138556
4000,1288,5,1.8641230253537,800,803.975249547676,4.16560442665077,799.809645121025,797.796112545783,798.236686877587,2.2028716590181,39.7271238568455,35.7770252742983,35.7770876399966,0.155539500522594,0.0439655961159101,0.434127745328059
4000,1288,10,1.8641230253537,400,403.593165672895,2.23496684997701,401.358198822918,397.894073270171,398.104486195796,2.1041292562492,28.1876609752276,26.8326771525108,26.8328157299975,0.202183941680473,0.121259336466095,0.412574218997112
4000,1288,25,1.8641230253537,160,149.921390915895,0.808214523815266,149.11317639208,157.947536717407,158.029473758895,2.04842603720858,17.863408951909,17.5266536699426,17.5271218401653,-0.449306502645689,-0.508727880103354,0.664496334519137
4000,1288,50,1.8641230253537,80,66.4501670590846,0.375727880877197,66.0744391782074,77.9692431322231,78.009703483959,2.02301758679588,12.6388418390874,12.5207357451622,12.5219806739988,-0.911402818374871,-0.953239853365898,0.821389195374804
4000,1289,2,2.44010493199537,2000,2028.53799016521,-37.5657857879428,2066.10377595315,1997.5246280822,1998.76207009643,2.47488402846173,66.6339204118742,44.7213325520921,44.7213595499958,0.465429047117535,1.50580722920713,0.311648440151686
4000,1289,5,2.44010493199537,800,831.907453741618,-15.0011221421906,846.908575883809,797.800211162286,798.23996325443,2.19876046072039,40.870460308869,35.7770217994852,35.7770876399966,0.834520637193096,1.36033158103952,0.196650481497625
4000,1289,10,2.44010493199537,400,404.94829303824,-7.48601802714363,412.434311065384,397.888986290965,398.099905625171,2.10919334206547,28.5933002197105,26.8326702136721,26.8328157299975,0.246886742454772,0.534214646774472,0.394174543767907
4000,1289,25,2.44010493199537,160,161.473739668777,-2.95622995057397,164.429969619351,157.945765381703,158.027762172726,2.04991977557258,17.9661202720797,17.5266171209537,17.5271218401653,0.196368177082568,0.365284835199114,0.408484455188871
4000,1289,50,2.44010493199537,80,82.4784011228262,-1.55238430602048,84.0307854288467,77.9663472202217,78.0068550800001,2.02539298891851,12.6749272217896,12.5206433860171,12.5219806739988,0.355982628038114,0.481119872447933,0.342710756812271
4000,1290,2,1.67455408842853,2000,1930.11971226989,34.8611844746254,1895.25852779527,1997.49964690868,1998.74961834042,2.49994286346644,60.6180172062455,44.7213364641771,44.7213595499958,-1.11154963069048,-2.3141323298343,0.858957986149985
4000,1290,5,1.67455408842853,800,738.507428208955,14.1521554797051,724.35527272925,797.7986773201,798.238740354582,2.20031517241322,39.3434729665061,35.7770275633266,35.7770876399966,-1.5070161488189,-2.06510916801448,0.934616878887489
4000,1290,10,1.67455408842853,400,405.043478234633,6.91730478964735,398.126173444985,397.902159207069,398.111771005555,2.09611798486706,28.0528713822934,26.8326835474467,26.8328157299975,0.254566419609777,0.000536749870898173,0.392891987616408
4000,1290,25,1.67455408842853,160,146.744926559877,3.02323892228729,143.72168763759,157.943883249994,158.025969614277,2.0521591070592,17.8294741087984,17.5266641419255,17.5271218401653,-0.628114807076147,-0.816144011253657,0.729432351510105
4000,1290,50,1.67455408842853,80,63.1410131003228,1.41786152786463,61.7231515724582,77.9622265034089,78.002832736544,2.03031165675702,12.6269139418685,12.5207803336585,12.5219806739988,-1.17377955304991,-1.30021298435551,0.888881963205055
4000,1291,2,1.96885193292685,2000,2006.84163804336,-9.72105415048722,2016.56269219385,1997.48129365641,1998.74043212513,2.51827693742293,62.9987324450607,44.7213367052906,44.7213595499958,0.148579884446226,0.398518053835652,0.440301319041012
4000,1291,5,1.96885193292685,800,757.603877384686,-3.69791386664244,761.301791251328,797.776073724945,798.220655526746,2.22290900900641,39.9373390839383,35.7770240655403,35.7770876399966,-1.00588064357084,-1.0319154608216,0.844229154151625
4000,1291,10,1.96885193292685,400,372.899138832901,-1.82836795298731,374.727506785888,397.874088899796,398.086502006293,2.12413106497214,28.2617991485773,26.8326750650277,26.8328157299975,-0.883699934869599,-0.870542916939735,0.81201351508907
4000,1291,25,1.96885193292685,160,167.869036618825,-0.73425798603969,168.603294604865,157.947946152428,158.029864032224,2.04794699489419,17.8820340165252,17.5266412454047,17.5271218401653,0.554807716908942,0.603277628873275,0.280504238271028
4000,1291,50,1.96885193292685,80,83.6879911975176,-0.465816091403304,84.1538072889209,77.9651602577668,78.0057014573829,2.02705998080534,12.645344143015,12.5207249090966,12.5219806739988,0.452564269902609,0.491034335166267,0.309286260731451
4000,1292,2,1.7079355864169,2000,1962.65834006593,-56.2760290180346,2018.93436908396,1997.50993648137,1998.75474410579,2.48961524882598,60.892698535402,44.7213358748229,44.7213595499958,-0.572344423119689,0.451230370994719,0.709474130120371
4000,1292,5,1.7079355864169,800,738.01618213428,-22.4428603307704,760.45904246505,797.775429854514,798.2201397352,2.22354940343245,39.4112404011871,35.7770257966744,35.7770876399966,-1.51629959148492,-1.05545657944714,0.936250601191372
4000,1292,10,1.7079355864169,400,362.18165859715,-11.1247447164118,373.306403313562,397.885723184515,398.096973735302,2.11250550787223,28.0765955920044,26.8326780633353,26.8328157299975,-1.27166644796253,-0.923894751139825,0.900769966267721
4000,1292,25,1.7079355864169,160,146.696498946666,-4.52363420133811,151.220133148004,157.940769165657,158.022977647282,2.05521204062841,17.8354272010608,17.5266565378149,17.5271218401653,-0.630445802740425,-0.388142740436585,0.7303786890711
4000,1292,50,1.7079355864169,80,62.2773051900347,-2.34602095149012,64.6233261415248,77.9608761670862,78.0015040892811,2.0313961097436,12.6289390863044,12.5207371430897,12.5219806739988,-1.24187557401871,-1.0684816552626,0.903308230783045
4000,1293,2,1.40967797649928,2000,2013.05621155346,8.23382294334913,2004.82238861011,1997.47783516141,1998.73869696738,2.52172361192046,58.3922987684624,44.721338173709,44.7213595499958,0.266788201879401,0.136035545696396,0.402019653702156
4000,1293,5,1.40967797649928,800,855.239922112715,3.30155187330141,851.938370239414,797.802972766572,798.242182391356,2.19604812392323,38.8011892073963,35.7770285442565,35.7770876399966,1.48028837567677,1.50085655608976,0.0783161754446499
4000,1293,10,1.40967797649928,400,442.422067699412,1.51758667365191,440.90448102576,397.88919411631,398.100099594886,2.10905478575419,27.8633814442018,26.8326808115093,26.8328157299975,1.59825804604086,1.59523313125366,0.0614298295397711
4000,1293,25,1.40967797649928,160,163.800695584533,0.371482248218009,163.429213336315,157.937784448042,158.020116447193,2.05829997878339,17.7818619233818,17.5266670504123,17.5271218401653,0.329713005407068,0.308620964474539,0.359496235637957
4000,1293,50,1.40967797649928,80,82.6120908999298,0.130265262436543,82.4818256374932,77.9506399909402,77.9914780585713,2.0419033815568,12.6100662360276,12.520779036042,12.5219806739988,0.369661096281283,0.358631644724029,0.338933011338242
4000,1294,2,2.44507367157741,2000,2037.45799388891,4.31148380483985,2033.14651008407,1997.51366811752,1998.75659301999,2.48584980493617,66.6712303244413,44.7213327152584,44.7213595499958,0.599123873625977,0.768982384381129,0.264129892339098
4000,1294,5,2.44507367157741,800,848.356754706593,1.63809997638118,846.718654730212,797.80651651521,798.244997080904,2.19240282846923,40.8801817138347,35.7770226547825,35.7770876399966,1.23654631834172,1.35488238127127,0.105372572455844
4000,1294,10,2.44507367157741,400,406.557828712752,0.510517632063878,406.047311080688,397.895569999758,398.10582760176,2.10257602002762,28.5968311367442,26.8326717109846,26.8328157299975,0.302909740997988,0.29596320353283,0.372678628144428
4000,1294,25,2.44507367157741,160,179.975282631798,0.251565639881374,179.723716991917,157.947616573262,158.029545045746,2.04821181211558,17.9671466997291,17.5266385327981,17.5271218401653,1.22599689459143,1.23778281303478,0.111187917822208
4000,1294,50,2.44507367157741,80,82.2146706734977,-0.0946191133195915,82.3092897868173,77.9631008298613,78.0036734371462,2.02863036424721,12.675329999617,12.5206484668054,12.5219806739988,0.335420840622284,0.3438812583139,0.350221180188947
4000,1295,2,2.06354454646594,2000,2041.33067349313,31.1126781249411,2010.21799536819,1997.49682960018,1998.74818851332,2.50271782629075,63.7457872404885,44.7213338897646,44.7213595499958,0.687635148775932,0.256472825321761,0.244752921529495
4000,1295,5,2.06354454646594,800,856.252703550014,12.5425360772981,843.710167472716,797.796311704136,798.236839990856,2.20264143360332,40.12662536451,35.777024604608,35.7770876399966,1.45679810636604,1.27102038205833,0.0748363899879155
4000,1295,10,2.06354454646594,400,433.777595756615,6.1470996552608,427.630496101354,397.892232260283,398.102826957224,2.10594696940971,28.3287642772487,26.8326735929216,26.8328157299975,1.26674651760761,1.1004370862216,0.104659319604441
4000,1295,25,2.06354454646594,160,154.396733154151,2.20488872532513,152.191844428826,157.95053240503,158.032345162678,2.04531894120078,17.8990633911361,17.5266399568745,17.5271218401653,-0.198546659856984,-0.333235620074502,0.566187245820208
4000,1295,50,2.06354454646594,80,65.5090013249516,0.942770141364926,64.5662311835867,77.9668771292956,78.0073805322304,2.02517014673891,12.6513379099829,12.5206993643062,12.5219806739988,-0.98470817023342,-1.0735142628663,0.842534184898603
4000,1296,2,1.48014575112143,2000,2059.40826914809,6.67621245284284,2052.73205669525,1997.48024141789,1998.7399230978,2.51936335981776,58.9927034413619,44.721338034635,44.7213595499958,1.04975741265624,1.20730139057186,0.165481022471325
4000,1296,5,1.48014575112143,800,808.884600602888,2.5156972479169,806.368903354971,797.782046598371,798.225448584112,2.21700992870725,38.9461706571133,35.7770297010507,35.7770876399966,0.285074342796513,0.227616849104156,0.386712993945097
4000,1296,10,1.48014575112143,400,389.024561512891,1.29820147846935,387.726360034421,397.87668953511,398.088848892772,2.12159357661792,27.9139118398896,26.8326823842351,26.8328157299975,-0.317122446792632,-0.386189077557114,0.616718040514977
4000,1296,25,1.48014575112143,160,147.732309259582,0.320686206534544,147.411623053047,157.940969134899,158.023177055079,2.05519800449843,17.7945144980023,17.5266751700751,17.5271218401653,-0.573697016373384,-0.60545162725155,0.709830692625989
4000,1296,50,1.48014575112143,80,79.7044815551251,0.125205171432914,79.5792763836922,77.9535479396944,77.9943326207452,2.03923405253939,12.6145335900029,12.5208149747949,12.5219806739988,0.138802881845612,0.126584712427871,0.425125371950007
4000,1297,2,1.72675381955703,2000,2119.29215358669,89.3153636861029,2029.97678990059,1997.48076228037,1998.74015712929,2.51878969783258,61.0468874702758,44.7213358773107,44.7213595499958,1.99537431561331,0.698472712376038,0.0292625930312009
4000,1297,5,1.72675381955703,800,750.896063477012,35.7608892907984,715.135174186214,797.772326986566,798.217670538686,2.2267177605982,39.4495286955662,35.7770298677559,35.7770876399966,-1.18825915187227,-2.32223011970455,0.882254669716784
4000,1297,10,1.72675381955703,400,405.555529470119,18.0814264368977,387.474103033221,397.880440002744,398.092226344445,2.11786341701305,28.0901077204599,26.8326855154007,26.8328157299975,0.273231044314743,-0.395716012291418,0.38601613001247
4000,1297,25,1.72675381955703,160,163.53620907828,7.1050546081549,156.431154470125,157.943406444605,158.025513916574,2.05268679921548,17.8388691034333,17.5266701065698,17.5271218401653,0.313517779700428,-0.0909676188776374,0.364942960985646
4000,1297,50,1.72675381955703,80,81.2579492935504,3.45278596750716,77.8051633260432,77.9665060911268,78.007025080262,2.0259494567609,12.6302344972907,12.5207690398024,12.5219806739988,0.260600324018496,-0.0161221530065067,0.378080993821638
4000,1298,2,1.45207932600261,2000,1940.41600884886,-80.5506546434448,2020.9666634923,1997.49938189362,1998.74947115129,2.50017851533975,58.7542828712867,44.721336423335,44.7213595499958,-0.971561054873425,0.496791780341869,0.818395631939928
4000,1298,5,1.45207932600261,800,821.741970375201,-32.1226136303769,853.864584005578,797.798460861353,798.238578402633,2.2005877064036,38.8884890646349,35.7770305227413,35.7770876399966,0.615696574738429,1.55479660525729,0.272540795978739
4000,1298,10,1.45207932600261,400,435.913047706728,-15.9220499635285,451.835097670256,397.878353066568,398.090346780042,2.11993713474367,27.8938229682932,26.8326841314292,26.8328157299975,1.36355259310973,2.00295843035929,0.0922878229388419
4000,1298,25,1.45207932600261,160,162.261039484069,-6.46317742106038,168.724216905129,157.939845718227,158.022096238305,2.05626300194396,17.7895312910755,17.5266713442177,17.5271218401653,0.242906555273262,0.610619121944935,0.391653707698743
4000,1298,50,1.45207932600261,80,87.2823261187918,-3.22359848889249,90.5059246076843,77.9568025617562,77.9975180110622,2.03577246529948,12.6128144290206,12.5207861450454,12.5219806739988,0.739368965548141,0.999011280259894,0.221097841674276
4000,1299,2,1.98876894866281,2000,1979.53565862304,-12.6988973126803,1992.23455593572,1997.50133320546,1998.75044572375,2.49822503657403,63.156607803038,44.7213368258141,44.7213595499958,-0.284462310554245,-0.145699799033418,0.611198084643333
4000,1299,5,1.98876894866281,800,813.760032535115,-5.20754845617503,818.96758099129,797.807892755905,798.246109483742,2.19108363918197,39.977326815935,35.7770265168121,35.7770876399966,0.3990296763127,0.579183725562291,0.341421019518916
4000,1299,10,1.98876894866281,400,398.759876891636,-2.66588036866752,401.425757260304,397.899090739447,398.109006314416,2.09915574969213,28.2759866229289,26.8326806818722,26.8328157299975,0.0304423029925823,0.123608631772987,0.479844256011735
4000,1299,25,1.98876894866281,160,173.840292600772,-1.01268114752536,174.852973748297,157.949659927031,158.031510511395,2.04626460909644,17.8857764538473,17.5266516598079,17.5271218401653,0.888450815358531,0.959764794976643,0.184021046068697
4000,1299,50,1.98876894866281,80,98.2774289769708,-0.671081296740516,98.9485102737113,77.9630150107043,78.003596447597,2.02907184463522,12.6467200503793,12.5207094974779,12.5219806739988,1.60629901550301,1.67282164244234,0.0601808770173644
4000,1300,2,1.59133802286363,2000,1932.96204459244,8.98825986626454,1923.97378472618,1997.4826898972,1998.74113668599,2.51689357757928,59.9276724157621,44.721338067875,44.7213595499958,-1.07664193691915,-1.67184961787905,0.848415196756132
4000,1300,5,1.59133802286363,800,816.839217428794,3.58028312681833,813.258934301976,797.786455497905,798.22897148113,2.21257991612223,39.1738502116639,35.7770287213698,35.7770876399966,0.486364292198575,0.420100923916821,0.313992274250486
4000,1300,10,1.59133802286363,400,390.990796901008,1.76513082424132,389.225666076767,397.888959100845,398.099894411382,2.10935310536345,27.9934637963581,26.8326858156642,26.8328157299975,-0.246420459076406,-0.330724564644008,0.589493050471842
4000,1300,25,1.59133802286363,160,140.070690604795,0.525430884820345,139.545259719974,157.948287608738,158.030200932219,2.04783308700396,17.814520191421,17.5266733419365,17.5271218401653,-1.0035407528154,-1.05467482913685,0.844138994041543
4000,1300,50,1.59133802286363,80,71.4733399576241,0.443365601671279,71.0299743559529,77.9596196377503,78.0002792666804,2.03298144650474,12.6215914210596,12.520789962748,12.5219806739988,-0.513903474113697,-0.556698493582727,0.68583962083535
