rep,zEF,zHL,zL
1,0.868573196063738,0.842612485784222,-1.08547071677935
2,-1.19783394644572,-1.17542746261245,0.536199438083694
3,1.82593934250692,1.82646594521584,-0.111711911464421
4,0.411966429606451,0.455336592534197,1.13703664977025
5,-0.836203181354238,-0.808752352911161,0.919012033994319
6,-1.88001253686296,-1.86229884357087,0.384939740255083
7,1.56597801228372,1.57758657063689,0.228544009880491
8,0.0554628444173546,0.0578740643000271,-0.064854816752791
9,0.382916662483001,0.369734521933566,-0.479208445879458
10,-0.0411857131077579,-0.076263619236744,-1.30638907668523
11,0.00674387479737538,0.038973732919905,0.796663564692179
12,-0.581897230286881,-0.594766257282009,-0.649494007862335
13,-1.28892484491413,-1.31401427321913,-1.06950136064196
14,1.23641633825183,1.28695284484502,1.70533931378091
15,0.668898476285112,0.649215451194006,-0.693084484711653
16,-1.03126035027257,-1.03956622200444,-0.455530024874465
17,-0.626632640129014,-0.63726647046152,-0.516242987013155
18,-0.112356195661903,-0.100230527031892,0.227367183437239
19,0.840333191951909,0.853935011385107,0.392601741865494
20,2.38944396717513,2.35997567155008,-1.15012573349911
21,1.33932451050055,1.27884349761482,-1.96606630188318
22,0.382764331529368,0.354273195622259,-0.961497785667462
23,0.295044586612169,0.275179538526402,-0.677882445984052
24,0.924032126770668,0.941163573424003,0.380421159902559
25,0.673708037489843,0.675771548309039,-0.0766484285217801
26,-0.503491082645285,-0.499521967990993,-0.0331238009730148
27,-1.78307701384879,-1.77425683174154,0.112475300734908
28,1.20618208801099,1.25643873000538,1.26661016158443
29,0.610164430275659,0.605692598707275,-0.269887365378429
30,-0.121491258701674,-0.162788536362116,-1.42321517127938
31,-0.479998216309978,-0.484797182249412,-0.343948078258699
32,-1.6181045207314,-1.60959444470113,0.0878023090160382
33,2.58801822065165,2.55244751627913,-1.70661426139855
34,-0.742675504604858,-0.726978692829089,0.339817002009376
35,-0.670447412773472,-0.677605079210345,-0.326515635103425
36,0.248070599741741,0.300973931950796,1.54130940807454
37,0.420338140396713,0.42524112349229,0.0100516352630963
38,-0.556534433022202,-0.498397014208346,1.54033922295998
39,-0.223774994680158,-0.220214232736045,-0.0451421450614158
40,0.0593266618041742,0.0715591691087773,0.240034380771871
41,1.53563459315063,1.55262803226615,0.339414902652092
42,0.390266701517857,0.402032483035179,0.204516701030997
43,1.01845569316302,1.05615843975826,1.15474754454538
44,0.0162375808558625,-0.000446145615472818,-0.66918383755265
45,-1.85097424400029,-1.82921712405121,0.579614445803577
46,-0.476911853811356,-0.537190643974201,-1.96227801095665
47,-0.836263899416081,-0.831187103694785,-0.000204769504109166
48,-0.498529140735564,-0.480617585072285,0.352187573319215
49,-0.557407082559176,-0.592379306942519,-1.31709413107974
50,-0.160775504007357,-0.114313009490277,1.51266532989753
51,-1.59462527675478,-1.60172065737497,-0.387393306066835
52,1.50040988527481,1.4992370243063,-0.172118997192818
53,0.669469569089645,0.698750378984727,0.653829900332338
54,0.211356087302654,0.250778671407351,1.05225406216044
55,-1.64478424405977,-1.64074128903217,-0.0510082351280837
56,-0.164915522285647,-0.111003204365916,1.35180132573622
57,0.401667140395705,0.418205822265537,0.344118769171198
58,-0.0331847340942198,0.0119901653990134,1.04346449226306
59,-0.0524052907532226,-0.0189698200288061,0.780344072927944
60,0.789529897376777,0.791756418366328,-0.0831841577615995
61,0.047467417731322,0.0410757256037889,-0.350295299558686
62,-0.162760588041199,-0.167690551604463,-0.285690780831022
63,0.089856386848099,0.106740230225453,0.409960367352932
64,0.321136090949706,0.377667282554344,1.74959776925904
65,-0.338184394857686,-0.415533342528511,-2.14186777089253
66,0.00968034684861514,0.0556923781168259,1.42052720251906
67,-1.82823434784546,-1.84824756220003,-0.914099492414006
68,0.683719561423743,0.701113766681698,0.410584172585626
69,-0.719897906199799,-0.738952242976272,-0.640507243327174
70,1.09708513108224,1.13859984528349,1.3410667588156
71,-0.601111854570072,-0.593417675876289,0.0636519066281737
72,-0.470755933389679,-0.486287751926867,-0.608442660271391
73,1.38023579535268,1.38296910958374,-0.0422462805110547
74,-0.0114943901655946,0.00321236351870639,0.298425968929754
75,1.4100752330917,1.40442976487168,-0.352230666716764
76,0.77776368840916,0.728800044141232,-1.40149594537002
77,-1.53250379973701,-1.58592622691535,-1.40595992747727
78,-0.0857103216546066,-0.0373489762682537,1.36310238145176
79,-0.407761647974451,-0.392525733971517,0.30732141521231
80,-0.936534120173833,-0.892590604227605,1.21158747361218
81,0.0705648175318232,0.071218052535413,-0.160185733567226
82,-1.63565131487669,-1.60626053905082,0.754162511532843
83,1.15502452805779,1.19671089763722,1.25186598013109
84,1.27498746551121,1.24654348374617,-1.02986468271988
85,-1.14299372459169,-1.17169030685513,-1.15376759207287
86,0.603307229227449,0.559661226210013,-1.33045324630828
87,-0.661484012345246,-0.640639107622264,0.424022788738445
88,0.0579882375629104,0.0199917682925899,-1.07082277940161
89,0.104717443100556,0.124212181999604,0.432878944682238
90,-0.0890056298385209,-0.116842663673365,-1.0064037151448
91,0.904500072866776,0.907783424372318,-0.0245711581585139
92,1.5366853771226,1.52195022524238,-0.424809335880221
93,0.53276382747714,0.519990149643992,-0.495202645680441
94,0.0833795503220112,0.0302092520196457,-1.72694728754762
95,0.113262476656789,0.119007144455734,0.0325631115724832
96,-1.86783756110979,-1.82360009065232,1.18420798914103
97,-0.842427751897537,-0.831002434693723,0.156352391719788
98,-1.14175936560143,-1.09484369256422,1.13542636928702
99,-0.194951923805645,-0.200535320244009,-0.355610521108021
100,0.80792819093162,0.849563153052284,1.05479982488105
101,1.15275825375083,1.13860758063324,-0.595508196752929
102,0.420711213098311,0.428875628955993,0.10806000057429
103,-0.83857418583322,-0.824168743826765,0.295235227396017
104,-1.08036997317254,-1.06609413240338,0.234864434005028
105,0.503339631355145,0.501399484942658,-0.178788554782534
106,0.143387163498314,0.104804825685951,-1.04646687393206
107,-0.82215294730324,-0.833250237347219,-0.547732826768709
108,-1.9450552633809,-1.9399263767331,-0.013915632157766
109,-2.03613605906636,-2.0046588216733,0.701819695574398
110,1.02108271273921,1.0408928280017,0.510643239080533
111,-0.0349778907742247,-0.0325623009427524,-0.0726252270504247
112,-0.559587068877,-0.574989169148435,-0.680992804811054
113,-1.48582565472053,-1.53805716542034,-1.68184872937729
114,-0.269426813202887,-0.280822742867315,-0.657322392499084
115,0.0907084482456211,0.0922164518339659,-0.107384680136735
116,0.0581079460357206,0.0849599506482382,0.631319208040938
117,-0.749163640417437,-0.753278823238499,-0.312733538486074
118,-0.989715867244892,-0.955396862840763,0.956568302868348
119,0.391547715811971,0.417497308683943,0.716504053502123
120,0.0792023822111538,0.0854583036270394,0.0523700415056227
121,-0.685612713220207,-0.693875392569812,-0.43099669225157
122,2.09022417372066,2.07186204074637,-0.744783570464654
123,-2.31788016131848,-2.32693694016599,-0.499506091231289
124,0.145896541847497,0.132760252468187,-0.608732983962202
125,-1.27330698825927,-1.27896551602814,-0.349149488688003
126,-0.757408248754765,-0.693946561261104,1.68221781696888
127,0.906931343325464,0.885448396652779,-0.709703220847731
128,0.615101065674137,0.586552333620798,-0.743298634445281
129,0.924682695423587,0.837168685667879,-2.70296530654705
130,0.570505632257023,0.556530016951582,-0.632734007263102
131,-0.305476776841904,-0.32098989490852,-0.646709271182488
132,0.222059013061834,0.24455999317051,0.55902276782006
133,-0.72548493031288,-0.758894704989123,-1.25219051691006
134,1.07180588717032,1.08083225280647,0.157389008550427
135,-2.11934216387606,-2.13882495337266,-0.667387198250332
136,0.673957396391975,0.673066288330317,-0.180170044517961
137,2.29877115121614,2.31465828403988,0.448638177623833
138,-0.981676750489301,-0.935385970431848,1.07915872629967
139,-0.295204585709207,-0.35593391423331,-2.15268500536428
140,-0.22257998530794,-0.213550169534293,0.111501736566711
141,0.156911754424816,0.159555423735042,-0.0678588425947864
142,2.98559329730207,2.97561511259269,-0.437541923087402
143,0.705872743018472,0.71319216413592,0.100754290780352
144,-0.191404015951237,-0.153153079473468,1.04567608392038
145,-0.721244082475934,-0.695887863194043,0.61841135437086
146,0.187613133995078,0.251879204990921,1.74800056850605
147,-0.0446354975474004,-0.0747476880126652,-1.15218708251868
148,-1.9553259390241,-1.95439563888226,-0.154455224671823
149,3.15331792507762,3.08011000781858,-1.85281273476236
150,0.189515794814671,0.214383835609784,0.576972326052488
151,-0.255219839512886,-0.187289801382649,2.12894762338156
152,-1.04000184743078,-1.00449402923711,0.870498997621161
153,0.729752202604745,0.762383638440851,0.911138709653373
154,0.628372961698281,0.66635743815138,1.12798753815799
155,-0.530929789091669,-0.514543228350067,0.39531756580849
156,-1.63063744420469,-1.62017441379197,0.135872232578958
157,0.233242703435869,0.286525169666228,1.49838330534388
158,-0.377545458447622,-0.370313330748817,0.0663627404464648
159,0.347775665159082,0.348341800677539,-0.114133448738238
160,1.06161366598159,1.1037796577736,1.04785298823706
161,1.37620987630834,1.45535883938054,2.76692974555952
162,0.353777436555362,0.340641334762785,-0.48728304544251
163,-1.1017744713158,-1.08577181044521,0.271244119602072
164,0.487526956139035,0.558761032929529,2.44939070231624
165,-1.70864023133875,-1.66670554914808,1.20377922120728
166,0.769671087267728,0.761261254770004,-0.300816545514261
167,-0.833657525394377,-0.810467058293635,0.57987525636463
168,-0.448862051933616,-0.407054291372516,1.21355922523931
169,0.380776568324847,0.346775255002192,-0.919325399261885
170,1.05054734275937,1.06478800866008,0.381206606992916
171,0.956663269410633,1.00309008724219,1.16212289568118
172,-1.43471992577343,-1.44330622287424,-0.417947585623026
173,-1.49924599950164,-1.49328984403352,0.0138996545261923
174,0.496474940099702,0.525691871591735,0.82916279899218
175,0.287867424855085,0.344667167209522,1.69755696471658
176,0.260014286188124,0.268164641862402,0.119315483051851
177,0.685147286427996,0.727526387445249,1.07920792165585
178,0.601293968152366,0.661556754630812,1.61856969716626
179,-1.81367140350681,-1.82098915288451,-0.433652568228098
180,-0.494258690591825,-0.477333138981158,0.422005868080329
181,0.348837035060294,0.350111885213114,-0.117590907925812
182,-0.0318006680531289,-0.0746962686062221,-1.61171972705821
183,-0.943201258419577,-0.924623397097961,0.48828846201647
184,-0.384522483916332,-0.383224415442429,-0.10556669994468
185,-0.640934006770542,-0.658366485669125,-0.64542218887914
186,-0.980835274342822,-0.930348245764892,1.46249212792823
187,0.472576272686169,0.510447782804808,1.10848782401594
188,0.199398389723213,0.237826735483747,1.09131158485468
189,0.872342113329962,0.87342898537403,-0.0967394964705721
190,1.55863731883779,1.51857546863215,-1.52182292989976
191,1.02678054020868,1.05109206331162,0.735475853051119
192,-0.302932509373158,-0.304275763483166,-0.257530284400071
193,-0.510553549591873,-0.450431893832911,1.76040082139332
194,0.0530133963274232,0.0460781264299957,-0.359075207316704
195,2.00236163183159,1.96737171925781,-1.3512522354602
196,-0.722907944388464,-0.749950117572823,-0.94103046684471
197,-1.13928271900387,-1.13733603828941,-0.0986859855879642
198,-0.832458120056477,-0.792993412235376,0.940644300795004
199,-0.284466144019577,-0.270230560436398,0.333060401733425
200,-1.46313739131783,-1.47512260396513,-0.554280431103861
201,-1.27703665796104,-1.29020507439623,-0.625772786684003
202,-0.366769703370671,-0.339592904194771,0.626478794248915
203,-1.30454493916212,-1.27854260944971,0.618901150804273
204,-1.33652309866983,-1.31279295509891,0.605875935674252
205,-0.208510042704369,-0.230759342307555,-0.784530564739017
206,0.012390188340537,0.0422225070593263,0.761244076395137
207,0.903245219017384,0.862552406468597,-1.05026572220019
208,-0.325885853925354,-0.34570325125944,-0.821886873595135
209,0.186996419353758,0.157784474952256,-0.945518528754627
210,0.956972991784127,0.986469246713063,0.745197478089891
211,-0.255026060343429,-0.242686822935484,0.213430944259537
212,-0.650808995705681,-0.673037457246766,-0.896729811832767
213,0.268072435009563,0.237495746261323,-0.979387186774669
214,-0.370227979241676,-0.392915973392946,-0.889544683322269
215,1.68428401242886,1.72882785741494,1.17689872966813
216,-0.749161826384425,-0.744067211610076,-0.00299539628160077
217,-0.467354075553461,-0.470622784387758,-0.25504522241138
218,1.87095099662956,1.89023292850269,0.469343862991431
219,0.548116164235586,0.60617475479219,1.79686870851656
220,0.610665793930721,0.679607423794039,2.17238067972105
221,-1.80778868822507,-1.78856365494705,0.550092090141058
222,0.758257406658728,0.710438450524226,-1.44402623446091
223,-0.508846055160418,-0.499004030625994,0.161357111608157
224,-0.759499789892523,-0.757430398151358,-0.0908202421782553
225,-2.23961379659294,-2.22314843458287,0.398398856902738
226,-1.26054974215153,-1.29748467499894,-1.25336624833608
227,0.103260969851147,0.104066560971453,-0.126161931365185
228,-0.422289767957563,-0.460442731168224,-1.21555984144048
229,0.454232786053027,0.450560558173515,-0.282752906276285
230,0.695528877203001,0.68364747759569,-0.40467317333203
231,-0.170687975634291,-0.132669715305628,1.13866647550601
232,0.609490773878704,0.606775243222068,-0.235245129425314
233,1.6861836345153,1.65468452123014,-1.12209792081601
234,2.47809283563064,2.464266077486,-0.459752684655672
235,3.44136846949368,3.47705181118279,1.02447951828356
236,-0.751066096278334,-0.739319433688802,0.226840327655065
237,-1.02382754479194,-1.08774091052732,-2.44325264199218
238,3.02160721334566,3.07468522969937,1.53890504413573
239,0.896081324749941,0.86250404242491,-1.15013074638197
240,0.102757021046446,0.130140098401189,0.58543497675707
241,-0.0869983622177934,-0.103644891139196,-0.588609539569578
242,0.0926302935108716,0.0892246424551022,-0.217982785312498
243,-1.60359229699796,-1.62475264174536,-0.769090937923743
244,0.0972981852757509,0.121131757700194,0.566635051186159
245,0.670527361699655,0.683830093216941,0.231218449087997
246,2.2407093476844,2.28314077804556,1.13661386563097
247,-0.172186633953623,-0.176564702692348,-0.372295636111664
248,-0.778032197709363,-0.801109741198239,-0.897305748777115
249,0.114712548550938,0.126077927190047,0.184787656427812
250,-1.54220239141935,-1.51014791015728,0.881269566772981
251,-0.287797612097586,-0.262568056210386,0.540519481107626
252,2.07110936180539,2.09418763026869,0.826715272422799
253,2.10239965909254,2.0774533281837,-0.766906609613371
254,-1.31089424477861,-1.33108364747252,-0.693372872172162
255,-1.03296674123319,-1.08978153030855,-1.77270726003526
256,-0.658519199311961,-0.599795193051675,1.44370758013401
257,1.19822109113007,1.25920182650092,1.66778243786651
258,1.1286233828767,1.14889957103958,0.588821300387925
259,-1.1852539299474,-1.16101881945641,0.640386313893852
260,1.57244728104272,1.61569055294762,1.13865041543052
261,-1.16288841757749,-1.14192464564489,0.466113658120456
262,-0.772814603117849,-0.772549855957742,-0.152410271536149
263,-2.47769997904354,-2.47169188808528,0.0103955043076251
264,-1.39423762882847,-1.40670807692049,-0.544744247828621
265,-1.55826488375633,-1.52726451640937,0.953231069258164
266,-0.418063665592111,-0.36339626003468,1.51151955985634
267,-0.295336164405743,-0.326508645662765,-1.03046704289995
268,1.7857293751549,1.75433007838933,-1.20723454152797
269,-0.328359160805962,-0.32680568186358,-0.113815591308503
270,1.20769505854684,1.18222036466341,-0.873364899136564
271,-1.53638632087307,-1.54163493211516,-0.351480654422364
272,1.5513389241543,1.56005372365464,0.153093813100462
273,-0.369521850894648,-0.34670418608609,0.529717776446339
274,0.120484282113813,0.0930839652550964,-0.78090526583282
275,0.341884635448543,0.420630325185556,2.00149098533635
276,1.41428853086483,1.39974998014613,-0.550294523795057
277,-0.741691771920917,-0.769889587809838,-1.00631436161542
278,1.78736795800648,1.78690283077582,-0.133410184990551
279,-0.0464949318023911,-0.0366107372884076,0.155209166039892
280,-0.164854250401233,-0.141541298424777,0.503254787374186
281,-0.0467768929767594,-0.0503938812624716,-0.273520624363685
282,1.39253850238064,1.41586587209896,0.598150032647721
283,-0.812879344251304,-0.81473426773362,-0.198860595327141
284,-0.822912277171587,-0.807838451824619,0.355771637296996
285,-1.24019591596057,-1.20816611650417,0.766395664293752
286,0.914148136107476,0.957997763704192,1.17891307441051
287,0.272888081956635,0.283033960830977,0.156276903590093
288,-0.889999884930475,-0.882419695663384,0.0889899539876876
289,-1.74757842401207,-1.67933564136213,2.06285071357383
290,-1.63162539862882,-1.62061547886171,0.14577181799234
291,-0.126808720779156,-0.126350705037712,-0.118436395540232
292,-0.926499448489798,-0.950926526008349,-1.07730865859736
293,-1.14857678018912,-1.17563099468475,-1.33216753170752
294,0.596713730461623,0.654917084654022,1.707812600784
295,-0.955668933923623,-0.920048704711302,1.11945954252449
296,0.640624839322409,0.632001945593143,-0.460736824127932
297,0.53487842924048,0.506040252674273,-1.04310388728938
298,1.0828994155078,1.1020869571694,0.468653399709063
299,0.109537940684635,0.0982766705339162,-0.590516658781916
300,0.536668124243699,0.560912227736083,0.567575254929976
301,-1.26964625812493,-1.29019711515956,-0.755743492794828
302,0.66555708248013,0.581690792504801,-2.68027865020164
303,-1.45510407982894,-1.45244628834368,-0.0856300566895844
304,-1.09907192092477,-1.05403570808846,1.39897468318083
305,-2.1321805046511,-2.15056934099467,-0.725864521713838
306,-0.487111325446423,-0.460813921014805,0.694709629003055
307,-0.0367440280604679,-0.0370794014479541,-0.16326097347752
308,-0.805760250610624,-0.834680267358204,-1.03142961444431
309,1.08499166951759,1.09791243338353,0.270452607916772
310,-0.668721160660993,-0.664024116365468,-0.0131818314055102
311,0.488964226153294,0.480193301655084,-0.355961221048932
312,-0.737161943605178,-0.682661837070912,1.46749547017384
313,-2.06179428616159,-2.03530938497924,0.745738106322356
314,-0.140827406957424,-0.113007083461729,0.803614249058805
315,-1.15765387633334,-1.15937234225168,-0.22673848553674
316,0.482298291778499,0.515240924360282,0.772724426566302
317,-1.40612375347717,-1.39865027291189,0.0811118288556743
318,-0.724354679297412,-0.736218834332457,-0.544363433685462
319,0.00523527909967453,0.0157066711641188,0.175799765236481
320,-0.135312720445454,-0.136472871931747,-0.185180221552793
321,-0.282949731121854,-0.266007101262912,0.370336051433748
322,0.490896406771385,0.512655894946117,0.536044979645472
323,-1.03876677017499,-1.01202163753184,0.727484454520656
324,-0.933455646390876,-0.904839855693865,0.738404263914344
325,1.41912398389835,1.48053828689561,1.6400911490075
326,1.29107914995498,1.33396329567343,1.18757862172065
327,-0.419369088185131,-0.429864744855627,-0.570990085832217
328,0.754361171890604,0.775002088299654,0.524942544960758
329,-1.20675255077617,-1.22399031778672,-0.725629684260114
330,-0.00915404050482507,-0.0454849792236855,-1.23499433448565
331,1.34066477057559,1.29909248015267,-1.85017595804567
332,0.325587027655457,0.340591600756629,0.327707325812694
333,-0.78865676413687,-0.791526445531015,-0.277913008173634
334,1.71674018657489,1.65570275819946,-1.93317967598819
335,-1.84306970368843,-1.77431697566419,1.76397306127319
336,0.419575625955069,0.416894311240871,-0.283709861087415
337,0.248644908711824,0.250760254674238,-0.0856727867332956
338,-1.39495056528649,-1.44022334339057,-1.47615888753189
339,-0.89216299061418,-0.915195929518717,-0.891453354381604
340,0.717659967281799,0.772207957026467,1.63354539717935
341,0.142546757661068,0.161905294511357,0.388215355056396
342,1.1817231888941,1.1693301623875,-0.548612196520474
343,-0.496072218382391,-0.597364641892081,-2.78057855548744
344,1.56687962379135,1.52187832620581,-1.47213199519466
345,0.376283064237976,0.435941688467629,1.63718999798458
346,0.0328857520168199,0.0378944340551742,0.00761049577557235
347,0.0546695250686398,0.0855480966933689,0.840978049119308
348,1.86617710097684,1.89296781516976,0.667692138628598
349,0.0455671145846319,0.00638815081072094,-1.32590083245523
350,-0.427750204859559,-0.41374830611658,0.300112534698573
351,0.566946662987759,0.516996183777809,-1.83160494508544
352,0.359885491141235,0.35609711693291,-0.253626517173883
353,0.485938171696151,0.525453169922273,1.25121797904741
354,0.888666343133621,0.857339781421403,-1.07000446604051
355,-0.332707136295729,-0.370002389125067,-1.43088417564152
356,-0.747498920432142,-0.726856575844721,0.601872531658022
357,-1.46528165374407,-1.44153910847218,0.600575328387065
358,1.53480542027194,1.55732948808871,0.605950037987566
359,1.84629507391124,1.80003938621567,-1.94340241937981
360,-0.961801171779208,-0.942161131942325,0.40441381506853
361,-0.138633232100288,-0.125512453756069,0.216547514948503
362,0.525406037247639,0.474108618462122,-1.42756213538463
363,-0.855024277607328,-0.866403518570937,-0.44755026170029
364,0.505939500347683,0.478961282686942,-0.987822067930918
365,-0.931027593970381,-0.926960140373656,-0.0371117667080403
366,0.384366845177055,0.415644202203178,0.848692672075149
367,-0.0211989879179253,-0.0443217408797102,-0.81321314689642
368,-0.568474636783829,-0.542268020293996,0.630197699081835
369,0.140954209247789,0.148470222586269,0.0746398725070453
370,-0.69814473572288,-0.694713322314262,-0.0534869409344141
371,0.0685741500879887,0.0522588881082307,-0.631369249457464
372,-0.292689516375699,-0.293752654451434,-0.180221573504432
373,2.4642995447093,2.45006570620006,-0.606256375676702
374,-0.428336431862577,-0.383509498993379,1.34668021793137
375,-0.232802148704049,-0.191670424286875,1.18327995546662
376,-0.491091800192044,-0.497063710976781,-0.330900807540621
377,0.511010410777146,0.528958017371128,0.427946744167516
378,0.274863097702138,0.27328660975877,-0.188421039406121
379,0.518597374902147,0.482163682092425,-1.31118943749218
380,-1.35315814849972,-1.37194879324328,-0.847078296305593
381,-0.207611922905631,-0.254435184545507,-1.61909191860736
382,0.572046697162928,0.52197153465043,-1.71414247336118
383,0.926489560844918,0.972175498831998,1.10064401634864
384,-1.37113383406581,-1.38510794296754,-0.551801224333666
385,-0.524536722050518,-0.569457009756766,-1.52262931033207
386,-0.629591476142736,-0.656059732158878,-0.781340531464043
387,-0.57084792792682,-0.618345483530333,-1.50003605094769
388,-0.093362080705441,-0.107953141463521,-0.539507579784591
389,0.0172583785433189,-0.0225076491380361,-1.42772381820597
390,-0.594517986985239,-0.559534811654927,0.742603558833543
391,0.168345763439818,0.104045970856472,-1.76282128045175
392,0.864029760172696,0.857735268847434,-0.374870535745286
393,-1.6399089902101,-1.61055156400078,0.688645793394406
394,-0.58760820534671,-0.531002411591435,1.35487074859786
395,-1.43841686365636,-1.36872551303395,2.05995691110818
396,0.0496707349726716,0.0483860877356709,-0.202979344133241
397,1.88032141046813,1.8487243354846,-1.03773555812974
398,1.21424389407072,1.17952067118099,-1.147789316514
399,-0.0732318976509609,-0.010294082688733,1.25700445337904
400,-0.945302329264336,-0.932666975829282,0.239465816237419
401,0.708670537411743,0.757633377578034,1.36473391258591
402,-0.262235688283396,-0.239396269620982,0.474453917380388
403,0.9624975580515,1.01087189515043,1.51167801127169
404,-0.273995254972774,-0.20357245845602,1.6197788831928
405,-0.887469320797195,-0.835511863618569,1.32773051341835
406,0.35393305066511,0.357562286814215,-0.0328506109901733
407,-0.128663121066679,-0.13892035744105,-0.392282249903524
408,-0.402891533785214,-0.420717930806251,-0.664658777104502
409,-0.941304118857022,-0.976379697834794,-1.08390252669016
410,-0.555488849457065,-0.55469338662673,-0.150212874737091
411,-1.98682959121048,-2.00232082409884,-0.799687632323412
412,0.830108596161378,0.855215598984087,0.684866864421178
413,-1.99459652072142,-2.02269043505164,-1.16328369587114
414,-2.22743998215933,-2.17036956052441,1.45098451123576
415,-0.0130469331429136,-0.00592611297316464,0.0750736362980075
416,-0.0100559915099755,-0.034512372969632,-1.11439714542333
417,0.510416467222202,0.557295026220361,1.31511737353945
418,-0.273969996483705,-0.306983658278838,-1.19561936525996
419,3.26155366679899,3.2501178819571,-0.418084902343688
420,1.00690465545441,0.989021865707144,-0.738609343230101
421,-0.738149722088972,-0.785328051277821,-1.55197571787205
422,1.24228541356631,1.25316276698809,0.176409445663845
423,0.170746982494607,0.256790009011955,3.01039641387089
424,-0.279308176598807,-0.259463458665123,0.49811360070986
425,0.423838839628861,0.424804394606491,-0.133480907719453
426,-0.833870550029926,-0.858348913737387,-0.83096136137215
427,1.71706468915248,1.71628414242413,-0.171063596864812
428,-1.41930275627636,-1.39619343240149,0.465283234815986
429,-0.0856707789492276,-0.0506921438563178,1.03021407356322
430,-0.00440713675046146,0.00897790427231745,0.248498079223023
431,-0.0848492294398481,-0.100489246846138,-0.461057463794655
432,0.774838917700697,0.77289871783578,-0.204187159274729
433,0.510333184919695,0.493467053305651,-0.82564169614602
434,-0.576555489916463,-0.534810042092858,1.01244614943021
435,-0.752431100746982,-0.737970457812926,0.300336339863864
436,0.436074148661414,0.400174869207129,-1.22520316004263
437,0.231252143018041,0.212580004315679,-0.724128753608165
438,-0.618240011695617,-0.632037772051121,-0.572910052793572
439,0.651881632968088,0.615116377458338,-1.2169552582617
440,1.28455766418341,1.31029220934573,0.616407001595395
441,1.41919188601939,1.3946833386333,-1.06824049894744
442,-0.0526271125237721,0.0265443894261803,2.10526194326022
443,-0.148727773351383,-0.111429381872051,0.827080869054567
444,0.351473778603481,0.366599886720755,0.324224764520575
445,-1.28392956051037,-1.29759791584703,-0.635662966780563
446,-0.257047861721276,-0.24173207729071,0.356307373211771
447,-1.12592848934429,-1.13274061848502,-0.35690442425885
448,-0.842472165868398,-0.839295575610998,-0.06658782235893
449,-1.75286566223972,-1.76201219030853,-0.592081664788646
450,0.851628378220803,0.871920991563275,0.522245934743626
451,-0.852648223804751,-0.885696181727799,-1.16190496644295
452,-0.221365662592089,-0.191146782471306,0.723654858714198
453,-0.552770450160854,-0.505134772986203,1.04646270372857
454,0.609728004617959,0.680772436757884,1.84166855620161
455,0.097143660250229,0.102534330430455,0.0209200504000604
456,0.405378874505309,0.391493832489074,-0.62594890209077
457,1.729243644407,1.74134846790973,0.259709021027423
458,0.27506755795985,0.327852307134772,1.44332735205088
459,0.383072043069852,0.422299084670411,1.02363192241978
460,-0.441384267593151,-0.47902470370931,-1.23599988903558
461,1.88341293976643,1.9191248428436,1.01132240111103
462,0.00362507722895198,0.0326068832160073,0.754687417314577
463,1.4445023310772,1.47634137833033,0.997174841304601
464,0.151733620411215,0.126378119948128,-1.03837936678423
465,-0.480169385090773,-0.372637418240296,3.28467812177189
466,-0.281575056238236,-0.259791600201929,0.612617559265528
467,1.23661022692585,1.2951189840405,1.38606184418461
468,-1.65566549478768,-1.63496646829088,0.43875672906496
469,-0.559484036058603,-0.521051685583164,1.14393096192986
470,-0.206114246028742,-0.165641031519267,1.27106983468079
471,-0.137088640164728,-0.0869785541045107,1.31939730585553
472,2.27136700913485,2.27697181376975,0.0631529663977075
473,0.249084436610053,0.241110089417333,-0.384519113298496
474,0.168556311956185,0.152198827686724,-0.680925609425352
475,-0.206958299596761,-0.189267677836435,0.335777090395862
476,-0.212091584077538,-0.101869969188124,2.87276971934709
477,-0.223038048981665,-0.213638472493146,0.137734722603052
478,0.516815148948083,0.494583377679385,-0.684610595322313
479,-0.903681999409187,-0.902080753492078,-0.103346242429633
480,-1.14782335302123,-1.12706916568274,0.491344363218587
481,2.09106036817142,2.10046288913762,0.196771353149695
482,0.334156887927954,0.336582703159691,-0.0608898080036062
483,0.438677873913574,0.445142528954173,0.05427121134092
484,0.480087087325347,0.491756773433607,0.239771389391864
485,0.627621496287472,0.632866243442927,0.0238320144258585
486,0.648931614943373,0.599528367379922,-1.86234400416733
487,-0.904193212702637,-0.900022593549138,-0.0336819520588247
488,0.533940533160597,0.542150051513089,0.107966796113871
489,-1.30622899717557,-1.2722561684949,1.08507071587346
490,-0.880770004487859,-0.882546642334351,-0.198172825149034
491,-1.51605633356865,-1.50060162923426,0.273027893764235
492,1.86380048170137,1.8757419358438,0.288569805281645
493,0.371403444674906,0.389287581722348,0.461155968783912
494,0.0139504016048095,0.0319581004896248,0.477707430172336
495,1.32336815503477,1.29158348960798,-1.1091354888234
496,-1.26797562422788,-1.24700318121475,0.49779438087521
497,0.142823100939794,0.154106789950368,0.189598157210572
498,0.609334404102081,0.585667187781561,-0.837011435941103
499,1.90741461487999,1.90305554601109,-0.250924636435938
500,2.72866439677932,2.80036080433533,2.28006189248426
501,-0.980335330750244,-0.972728371026869,0.0514402311018836
502,-0.872934457078165,-0.830231685241204,1.14242461661741
503,0.062635293968062,0.0158063750824547,-1.60227395098412
504,-0.905634352960311,-0.82732272928708,2.47903657137143
505,-1.36382622073893,-1.33100436690593,0.659383024518222
506,-0.924943020021121,-0.929861660633008,-0.300602888064769
507,-0.466320787516365,-0.49360474610803,-1.05080788198812
508,-0.606545184007896,-0.599977551379838,0.045506601944213
509,1.34453500115499,1.36588655301415,0.529335995108562
510,-0.779871440163576,-0.745173180223037,0.970896641463343
511,-1.20480276926717,-1.16168531647532,1.12405007727332
512,0.0332061159691938,-0.00246037242346669,-1.16572072929051
513,-0.294865393205342,-0.314175672792673,-0.709353020367508
514,0.0508473985862085,0.0981150057468231,1.37183523236318
515,-1.43539841488772,-1.47723647141976,-1.40962649222782
516,0.541194126461536,0.51041720015818,-1.24394246493812
517,-0.30819559126832,-0.335006728351871,-0.950384872183056
518,-0.315352799243326,-0.323058122547666,-0.469544981402594
519,-0.154139711443179,-0.125604085371484,0.727009513062201
520,-0.790160280860934,-0.787600273451709,-0.0777800681005227
521,0.814527540999534,0.851443345189342,1.15144304545263
522,-0.292814221550689,-0.236995635064277,1.79171613357755
523,-1.20954890301351,-1.15991814062428,1.22959386385262
524,-0.152512926726107,-0.128220422178548,0.67729696917273
525,0.825135626683158,0.824223653938489,-0.16317507525143
526,-1.0541962039533,-0.964885442411529,2.40326151444863
527,0.298789459549082,0.245059241397641,-1.86920471007484
528,-1.15856526458197,-1.15832862997386,-0.134727044558947
529,-1.11825835731832,-1.14911190059578,-0.935600854023141
530,1.52538533142769,1.4212861217163,-3.42390048850398
531,-0.88159736932547,-0.852531417462299,0.72979070455845
532,-0.0198710918797709,-0.0234333439730375,-0.250516838467449
533,0.310102284522371,0.379930983847282,1.94400417948919
534,-0.137406042365714,-0.13098816197066,0.0387097074023509
535,-0.284568880980301,-0.269912056948144,0.27262555689037
536,0.259040128201272,0.249107462591505,-0.49045642621815
537,0.0627174398579639,0.0879409255394417,0.563339131919355
538,-0.117048571659781,-0.133439123543954,-0.611215582088641
539,-0.933973716058769,-0.952784055503018,-0.781232366843284
540,-1.1178043562705,-1.15633702207598,-1.30129931357268
541,-0.417318138863156,-0.448133350757322,-1.05680810722914
542,-1.29848920102681,-1.30764757783148,-0.409162043952588
543,-0.587372058082131,-0.609961676735665,-0.722043589450533
544,-1.93128630872563,-1.9535899724787,-0.800030990703409
545,-1.86518344679864,-1.84489365458892,0.430197370594276
546,-0.360466428274564,-0.324715831578794,1.02590225635256
547,-0.645673872559924,-0.663676031481703,-0.615757091199074
548,-0.242134293763346,-0.210702098329115,0.766345914113894
549,-0.270909473051938,-0.181239353793461,2.7109436070194
550,1.58452236259768,1.5521084971334,-1.10636275250812
551,-1.17400957256852,-1.14902479066411,0.614665160773368
552,-1.16910440933747,-1.19412396275423,-0.860230258113178
553,0.431293462580622,0.480023027664919,1.75393118377134
554,-0.0434261179412652,-0.0812344349140165,-1.37037095735768
555,1.92554616878248,1.91128314333175,-0.6296264689984
556,-1.42374840362518,-1.39754069346808,0.537018728020329
557,-0.216797033552625,-0.225679404258297,-0.444379435191858
558,-1.89747726716132,-1.90142154352005,-0.33165010705518
559,0.83816653277975,0.848212100504506,0.172586005493055
560,-2.23806956215211,-2.23768557135295,-0.162403794220415
561,0.477226248604596,0.489621519344161,0.237946964981473
562,-0.786789802893118,-0.777905863116005,0.107995425371807
563,0.743947096905685,0.745699072203397,-0.0928556753664363
564,-0.256516804335854,-0.223463568458513,0.927079961016279
565,0.0277775777747068,0.0261816236898905,-0.205133776296303
566,0.721153024545078,0.663876885493626,-2.1822427683073
567,0.799433147766326,0.784187674154307,-0.559799093013913
568,0.793916951554121,0.766829924647903,-1.04439984129467
569,-0.23560442444451,-0.187934000700437,1.42654286241059
570,-0.985354178782946,-0.972544075767914,0.230052975673429
571,0.680408557027811,0.714263773841152,0.953010460871032
572,-0.123848632327157,-0.0699186079311216,1.65217466716804
573,-1.18286734616919,-1.15882543647494,0.601343195324771
574,2.4558893265801,2.47245174683493,0.417608562739828
575,0.159060624136971,0.137861418734405,-0.92635680074886
576,1.38437810002408,1.39257244725242,0.126145167885191
577,-1.22600243069125,-1.24003129362594,-0.718550814283299
578,-2.175937207462,-2.1422376746408,1.00159624782922
579,-0.621637000687256,-0.540773808894328,2.48595640400249
580,-0.66655025497168,-0.630339376221351,0.942639427159536
581,-0.183511529938552,-0.200586238770734,-0.758656470952462
582,0.789436166091823,0.727071394118969,-2.46460680412578
583,-0.442190050244544,-0.401450196001292,1.29752177394119
584,-0.884562602763988,-0.945612069189759,-2.06870404298438
585,-1.2286737484954,-1.22884138052146,-0.180455104564914
586,-0.3667245468773,-0.344180470501991,0.485467794559278
587,0.0858346375025212,0.0977450378681042,0.221415606833039
588,0.444899538508336,0.399176553874923,-1.38636268011129
589,0.133055238182996,0.128321250027549,-0.349363377996197
590,0.00236013699247685,0.0290772563107337,0.680664470536212
591,-0.292528396171375,-0.267609363719023,0.564931510534001
592,0.137215735442471,0.145518957453681,0.109171027114574
593,-1.04909651228676,-1.03622811821007,0.201124652866718
594,0.67658850185922,0.659189560120959,-0.819264565292595
595,2.57170722498616,2.5342994624186,-1.1520488240208
596,1.87519036117581,1.94109082456367,1.72781141135184
597,1.16526091778666,1.2035564818552,1.2711897251757
598,0.589894974884252,0.564246651044575,-1.08222979159131
599,0.665449001157826,0.675152198400665,0.155410531049748
600,2.1054385680731,2.10716171065269,-0.0682315161227549
601,-0.136349585532671,-0.13130660115011,0.00537433106394528
602,-0.739025814060099,-0.713011331022283,0.694363528082482
603,0.0827366651627356,0.0775138676442849,-0.330326430462835
604,0.755039735319458,0.767151635240225,0.221605800800388
605,-0.970190743742904,-0.985105140160495,-0.811978636389339
606,0.196620817760601,0.257593941850844,1.7886017877345
607,-0.7184756330998,-0.748765053686904,-1.03845793737456
608,-1.43159858854385,-1.41531979992802,0.364595236074957
609,-1.64949629779335,-1.66774523211789,-0.698938180889754
610,1.04524743438312,1.03974563450115,-0.304502459172489
611,-0.300169935453422,-0.286911301688255,0.282350459815619
612,0.208088808261658,0.200705360609785,-0.342646526854832
613,-0.472979396270913,-0.478376574450349,-0.374545383433357
614,3.25574353555923,3.27349873609451,0.439403317195637
615,1.28254858301658,1.24730745083674,-1.07228672109449
616,-0.254831078762759,-0.222798068187907,0.902404005541257
617,-0.723887827262755,-0.705016979099628,0.341053144592202
618,-0.783005184769155,-0.745989272704808,1.00784237644152
619,0.917199511777072,0.936825980205974,0.475322717716791
620,-0.461133677194657,-0.455003257339356,0.0383678303168521
621,-0.732973821358206,-0.667086577813935,1.91737674891977
622,-1.34483299703708,-1.35509814248711,-0.417404450857674
623,1.40356561834488,1.41383304775157,0.183494170662294
624,-0.73397037294161,-0.688975123510504,1.15877319234622
625,-0.635648807381935,-0.649400474668688,-0.514043501385813
626,-0.0475069978787698,-0.0561889441331365,-0.409720621287058
627,-0.609032244873421,-0.603126438682721,0.0219893852202033
628,0.205009812422363,0.155508466298267,-1.4669343224567
629,-0.799882165175051,-0.830967193841282,-1.1586901108881
630,0.414632916365667,0.404671459379631,-0.466164517072466
631,1.61948473861237,1.58779258772569,-1.41618865974882
632,0.415329594541095,0.417773441806091,-0.0563547766178801
633,0.654096339343,0.731899758861198,1.88416970317625
634,0.219691016654545,0.217704673346187,-0.197398991003325
635,0.427782178785051,0.46467495796147,1.00070302517277
636,-1.15258124035687,-1.12982384266399,0.547219982404019
637,0.033345427025512,0.0562371688206636,0.663075504615764
638,-1.48640798117899,-1.47226184480329,0.362179013191882
639,-1.87060675180922,-1.83449800117207,0.749551204567167
640,1.94970527156204,1.90117021778399,-1.62983012971553
641,1.61924842814313,1.60685353843346,-0.524767042162349
642,-0.969316347825308,-0.990087100465337,-0.763386624411895
643,1.35289978650817,1.3167527897225,-1.2212983104837
644,1.70888468636029,1.74341032492621,1.10814511955878
645,1.46502222361724,1.4329634189425,-1.37891000613556
646,-0.548649559416288,-0.55046792425095,-0.204240978630091
647,-0.537548348195787,-0.505026302538314,0.850605335574284
648,-0.729897585905187,-0.734293154936021,-0.317072739276405
649,0.766277117056032,0.75696530282272,-0.466696440532639
650,0.0538154401320066,0.0738457449755345,0.444511559736
651,-1.80404741851128,-1.79335336606701,0.194305757870406
652,-0.979090717687904,-1.00598574878381,-1.05045788747045
653,0.755653258150903,0.79128746758907,0.827985485829265
654,0.748860792711534,0.693979887897912,-2.18044613183801
655,-0.284035157391267,-0.290482837287466,-0.34354035128576
656,-0.741824105569332,-0.686699712912562,1.3349633342662
657,1.81772760445841,1.75213955323934,-1.93801385511568
658,0.632251599120275,0.555640984690141,-2.41743229555182
659,-0.864050716401676,-0.861031855083506,-0.0688022362742756
660,-0.0538658518474443,-0.0741666024470673,-0.617863291934767
661,0.0204089915389463,0.0219026285694278,-0.116300588385697
662,1.71337100273679,1.66599639130056,-1.3934035391301
663,-0.439173870140698,-0.447699329339459,-0.449502172757315
664,0.956555985073229,0.95557544044938,-0.186240815825692
665,-0.101577904996398,-0.0548885198092086,1.46838962148842
666,1.35786672887331,1.34690382805708,-0.4593433497527
667,0.0487503373350223,0.0762686088544943,0.80498943164009
668,1.3489125045479,1.37116783217197,0.574678813608286
669,0.330832486505647,0.321065877770204,-0.401101862945565
670,-0.14041998011637,-0.0937714330065701,1.10244308997305
671,-0.040009804211418,-0.0345022463550234,0.0216137659187294
672,0.145681507328114,0.138109981700239,-0.41120720499585
673,-0.895916804423468,-0.901159961926408,-0.368145745554789
674,1.38993063261402,1.40137729235291,0.206681797156077
675,0.739748077107315,0.704912834752766,-1.03836315831448
676,-1.50200510267683,-1.51543514499515,-0.585157263271292
677,-1.15061204402022,-1.13008300817142,0.458670688948238
678,0.905308608140927,0.942867642673183,0.859258679452524
679,0.44165166855459,0.394026656218041,-1.59500894895988
680,-0.361184782003763,-0.320414507428157,1.50781325407192
681,1.05828148374887,1.08051424306195,0.547803742607801
682,0.109085734418776,0.18875046173706,2.06974641781557
683,2.60763992659338,2.62234712190436,0.367540080257597
684,0.528823924712019,0.584485827273143,1.60430113592135
685,1.45681730462273,1.4477624118423,-0.462619001998626
686,0.253195562017902,0.285320894183868,0.813229511990106
687,-1.11912308376762,-1.10637117095963,0.198946471457612
688,-0.368813885921513,-0.38299629366189,-0.735503794306094
689,-1.1980296165049,-1.1643791968635,0.818373770060611
690,0.68177464609721,0.624717905971786,-1.96251087408846
691,-1.12423438166877,-1.16157925574591,-1.38573867971268
692,0.551024984692222,0.512773787547217,-1.37862078207851
693,-0.949479351135182,-0.977447747029197,-1.0802168277128
694,-0.237003591935558,-0.239792825119146,-0.228806246454703
695,-0.231446347850587,-0.249872617467805,-0.680245068006739
696,0.828102045806813,0.885757421524191,1.51741930286017
697,2.21998750245587,2.25846019721132,1.09868856116654
698,0.21440455108557,0.226339417633006,0.22241302235401
699,0.836600691007158,0.797162618319814,-1.1343464004687
700,0.92548980104518,0.969520429040629,1.27984395331893
701,-0.400131554114188,-0.377634903962047,0.433176031900649
702,0.088191429301939,0.146944062859831,1.92206898966891
703,-0.964958665854605,-0.982065016217786,-0.622403133297713
704,-1.42692321239444,-1.41228030864897,0.307989372665667
705,-1.009089012671,-1.03976846359621,-1.46519877883604
706,-0.547787122253977,-0.520648569478911,0.800656649530406
707,-0.332862137782781,-0.327307076591838,0.0228632977840097
708,-0.527616778605217,-0.502082763288272,0.51726737819083
709,1.06851770887481,1.07781227302583,0.157068816413533
710,-0.97205817735375,-0.988240447403658,-0.670474065812855
711,-1.68868618508628,-1.72842910377015,-1.21182351015988
712,0.66639562192975,0.701336693414615,0.999890147916812
713,-0.552786011503602,-0.543251478464946,0.119932038262873
714,1.49950296902352,1.50882293937473,0.152194700322528
715,-0.433624832553391,-0.491489138147929,-2.1468548597226
716,0.693051127320838,0.725911919394036,0.917667605431253
717,-0.142108271876118,-0.15524375645538,-0.627001837695896
718,0.245203332110449,0.294540083113886,1.1839607045523
719,-1.4680221651897,-1.46893998891402,-0.232581403034249
720,0.534193253092213,0.47146228684148,-2.21884311149305
721,-0.463204834103031,-0.441127611233129,0.68933231247261
722,0.479165317596889,0.546397657240631,1.72017288725713
723,-1.65504056693334,-1.64170086459544,0.211643322526194
724,-1.47355520997265,-1.47443709519911,-0.243239967621291
725,-0.73641502447224,-0.756204102758558,-0.886121397458113
726,-0.230349834643458,-0.242408426991338,-0.481502527758036
727,0.454474303786303,0.466844443848653,0.279682188547077
728,-0.490449365114477,-0.502424378327308,-0.469545513242754
729,-0.375906184188463,-0.416736031852356,-1.41096834132131
730,-1.23676149855488,-1.22532168128572,0.166188568759721
731,-0.732345198815762,-0.757399758036635,-0.972126220124691
732,-0.469001413769677,-0.491581997784386,-1.06987301625519
733,0.116598818036215,0.0984635006466254,-0.641082685264586
734,1.5008172497826,1.46294369392488,-1.54938325559461
735,-0.942532754588871,-0.940419674964878,-0.0962015948969295
736,0.415575769613479,0.427250999531571,0.190210652514597
737,1.11205649356275,1.1246841812839,0.280060876060662
738,1.06269941508925,1.05654169904571,-0.268273582232522
739,-0.0684740055257294,-0.0687810858738998,-0.162913819354263
740,-0.286792589978297,-0.263057911682092,0.683885289911165
741,0.397914577854599,0.412721506421005,0.329939135695029
742,0.746071498784117,0.729316215441405,-0.645754789322024
743,1.0250324131958,0.993821138680051,-1.08754037614625
744,-0.874773260924515,-0.900285283438007,-0.752566956201677
745,-0.25744652395733,-0.223951372535621,0.819026111163245
746,1.50651531253874,1.49035192119274,-0.598074885279747
747,-0.107764615384512,-0.13572040110252,-0.978446190766814
748,0.0832186549151444,0.0904156810691141,0.0844275950580174
749,0.737057414462568,0.714119009874811,-0.85786639402174
750,1.13497284033298,1.1397514773912,0.0187676312351513
751,-0.622688940819653,-0.669980505766492,-1.54106370213026
752,0.0396575465073371,0.0533843593098805,0.277305255052323
753,-1.27349231188471,-1.25745134032107,0.35883228274996
754,0.926859666483722,0.923051612318279,-0.274704115521107
755,-0.258160045793642,-0.211321945629235,1.22292066153532
756,1.03085257272352,1.04625059246751,0.335214049457749
757,-0.169971036151936,-0.173340562191972,-0.297627919893573
758,-1.47558990636739,-1.45626383068103,0.361485179903878
759,-0.0731461153786796,-0.0739118425443139,-0.150161677188663
760,-0.621816434754197,-0.632445927919869,-0.515473672792331
761,0.28188380862124,0.218161308088452,-2.17951396129875
762,-0.345509091048147,-0.267565738570662,2.24244485896939
763,-0.158640772440337,-0.0884467214517061,2.21904378965434
764,-0.140499306364779,-0.184115639268353,-1.51878349473141
765,-1.56549169117806,-1.5740500967141,-0.40268667345526
766,-0.401110920296189,-0.428496264667821,-1.08910912048351
767,-1.92509437967331,-1.83814696986192,2.59572088885343
768,0.480485067980731,0.430143977244555,-1.46274179550857
769,0.758902759467102,0.7080451335893,-1.45674968770981
770,-0.394640485912808,-0.44409013866556,-1.99262969944412
771,-1.98887693404857,-2.06569749416044,-2.45704075528467
772,-2.20601880064512,-2.14838145520192,1.64163736184737
773,-1.58023753371155,-1.61880389771591,-1.29683747959291
774,-0.0365605881455672,-0.00595309715058393,0.749083659434128
775,2.63024823689831,2.62969032847952,-0.11526806225527
776,-0.36174356009796,-0.337091326811982,0.603966071887504
777,0.29352658125953,0.189580068114553,-2.82384117736382
778,-0.207845781981169,-0.252615153463864,-1.45302510831169
779,0.480966773241107,0.484762190960381,-0.0281342351783722
780,0.0546895803165461,0.0188619340612346,-1.59771121439626
781,-0.335734631096375,-0.328455761658797,0.0790088845858811
782,1.57596996609804,1.57312655714885,-0.23099828256062
783,-1.14344222698438,-1.16064801969532,-0.672960917101974
784,-0.034298921491973,-0.0183537405036924,0.354501991460448
785,-2.01595180571804,-1.9939827404855,0.552736361619091
786,-1.60119366552881,-1.64941164428124,-1.97224938042639
787,0.547908852575029,0.568820975264585,0.608483463678514
788,-0.519437365552128,-0.470282880512285,1.27962435099984
789,-0.426054071410388,-0.452114716243979,-1.20300951957431
790,0.549872443210287,0.564227157888122,0.339978248592123
791,-0.944881393801276,-0.971943219418924,-0.991507470292688
792,-0.202074490919352,-0.227601140313859,-1.07277152264699
793,0.275135282747038,0.302109210877816,0.754437058743987
794,0.805936895219229,0.811003761624403,0.0216557171485993
795,-0.999602291448548,-1.01231986070361,-0.44948753385948
796,-0.372173450628949,-0.415775520342105,-1.39422498669294
797,-1.67672204558423,-1.61661754400398,2.09885805488285
798,1.04176549305823,1.0663643112274,0.541171889035878
799,0.128001826396851,0.150135566470385,0.575376367399149
800,-1.43938039572937,-1.40085234986931,1.00064847400241
801,2.53111323037645,2.54884018486766,0.476653799814809
802,-0.155265110092311,-0.153044257177364,-0.0797724278253279
803,-1.44389212628095,-1.43604061838939,0.0890788013798779
804,-0.725960418941816,-0.70657418972664,0.440792853340246
805,-1.44561999242251,-1.39779565998087,1.34393577324609
806,-0.605238105501873,-0.578702802229286,0.822372868198369
807,0.84774755866235,0.813205129400424,-1.03946292591783
808,0.00245879791596234,0.00298503314897456,-0.156084792738277
809,0.174096007534235,0.201777967177054,0.792864338673283
810,-0.632939616420653,-0.616370646741378,0.362811450612286
811,-1.53811027108909,-1.55151802227473,-0.504842634041814
812,-0.431954223084185,-0.433407905870185,-0.181955797455702
813,0.330017131653029,0.298575425752221,-0.929938829287103
814,-0.571409071649328,-0.668091399181367,-2.61853699453192
815,-1.51273295161833,-1.57575620898409,-2.21961381798731
816,-0.763328740070974,-0.763523537608187,-0.159181210010273
817,-0.14158051687262,-0.132662796505169,0.143620061169144
818,-0.813435501972918,-0.812438373153252,-0.138820623907417
819,-1.32328262130955,-1.34778396206411,-0.843527001651091
820,-0.617545332053273,-0.569002347211575,1.38918169889488
821,-0.584134626662132,-0.56273752425121,0.524815877362121
822,-0.663985883884186,-0.658601600030086,0.00416208906334151
823,-1.75713994787715,-1.75835351309814,-0.215961776436202
824,0.442911608017879,0.42689594886255,-0.656056303859965
825,-0.468376268550073,-0.433362801847537,0.735796545291849
826,-0.0933323513596775,-0.0820419642974723,0.179557224292576
827,-0.236521454180548,-0.300625287815354,-2.50628074246359
828,-1.62010021987007,-1.60065826505953,0.451672649916821
829,1.53157985537074,1.54282696457943,0.223630019323176
830,-0.479737167209938,-0.496114218951379,-0.679935117179802
831,0.33486116027229,0.380500645442591,1.26659517598453
832,-1.98432411702703,-1.96331735010436,0.507205668928252
833,0.15175603773176,0.0904870632874817,-2.1558883399724
834,2.30453731714228,2.23108719290202,-2.22088170750174
835,0.839110483536309,0.867756668540343,0.68909892969257
836,-0.682921081212418,-0.649395250165935,0.896947010134159
837,-0.254903749462189,-0.280676885084374,-0.905176711320537
838,1.02484105698509,0.985852666783776,-1.44423323205924
839,-0.220417799710513,-0.194274162373433,0.662206414826441
840,0.581003442408769,0.63233731547314,1.42329012457555
841,-1.06082956806545,-1.02237108886579,0.966287592562011
842,-1.23124695590796,-1.21237152824523,0.461945025671681
843,-0.143295136603444,-0.235307298781832,-2.77704274342434
844,-0.399730083416067,-0.378202970519968,0.398137992414529
845,1.49645838641161,1.52418887733684,0.599557872980095
846,1.0649705382,1.05153778713802,-0.598873987651363
847,-0.55336924812959,-0.566318720351887,-0.524043330590476
848,1.72897594251975,1.76448682569136,0.905447482329456
849,-0.836673008189418,-0.797193527182047,1.26667927442871
850,0.606599052710818,0.631358564672126,0.598879414689489
851,-0.439209508376844,-0.425457274331203,0.306959071732131
852,-0.414391805429957,-0.384684603830262,0.939232990123847
853,-0.88158078324443,-0.863114180290379,0.35988315378071
854,0.477954573342783,0.424565546484079,-1.53165350161648
855,0.0467158036878035,0.00963797271805713,-1.25481682504272
856,0.380518252260609,0.366120221194009,-0.584044986952074
857,1.49187239264503,1.4544216466523,-1.22183883379379
858,-0.861131945686638,-0.908749016808513,-1.57056040092566
859,-2.05069119895918,-2.05105318498705,-0.204987176944757
860,-0.476273865075095,-0.509480895484303,-1.25716698856532
861,-0.439495615453045,-0.365929723513212,2.0634680385607
862,-0.95050066176149,-0.975570108994402,-1.03599271638889
863,0.506176414132623,0.561568931646881,1.78092347322029
864,-0.0341395584500277,-0.0132963425431119,0.531131069740856
865,-0.133963093547392,-0.16879001459942,-1.50763636601409
866,-0.410806551178939,-0.395545868910937,0.338887327424705
867,0.786502856210097,0.828371951818629,1.49773416217902
868,-1.58746947561541,-1.55757662968934,0.637197489083238
869,0.185178774870899,0.212638389131564,0.841388696687982
870,0.284788986845221,0.29415066851426,0.145609842849983
871,0.428337332847584,0.469515430643754,0.916938922408855
872,0.0209076609951445,-0.01116428986331,-1.15249592753875
873,-0.790127295889399,-0.820954316050579,-0.978842673334866
874,-1.03731337545923,-1.06099256001613,-1.0334071314703
875,0.377468180275068,0.345948350109598,-1.08092609140001
876,-0.0338375475932358,-0.0361790983767209,-0.20858099868841
877,0.313972036651656,0.289710865621786,-0.850279607003584
878,-0.715799844796623,-0.636162319985783,1.98789027313196
879,-0.473293357348732,-0.487249033496005,-0.586770659381127
880,2.2327512134361,2.23254921062371,-0.113427980935457
881,-0.900801389803747,-0.87913300664427,0.553385187045734
882,0.295284876004022,0.375151855296827,1.86221029768766
883,-0.971601600486513,-0.937109809113319,1.13759137799253
884,-1.24467412878892,-1.27144335471317,-1.00267927867418
885,-0.0486796187448628,-0.0677800902676216,-0.877631546441045
886,-0.470273060969701,-0.495464699654805,-0.950729917360806
887,0.572170701205287,0.659932441344694,2.45215088305908
888,0.879009277118716,0.919168623708383,1.20886389396006
889,0.699410443232358,0.677072167212726,-0.852045305880302
890,3.13483002784873,3.11885030283967,-0.782063130842284
891,-0.414395879458861,-0.413035424838977,-0.108507098874638
892,1.85553383461052,1.84330924999427,-0.456381925984543
893,-0.830625255352395,-0.796217088872406,0.982938256104608
894,-0.928121905209569,-0.862834698178143,2.04184223513708
895,-0.922038148022953,-0.93184145692519,-0.476284853823497
896,-0.120551197940148,-0.0826102049584701,1.08564529114202
897,0.155058111424569,0.196975985893396,1.04546249166614
898,1.20802073552341,1.20132217375505,-0.339794621607947
899,-0.466855004746077,-0.422248854584941,1.55546259075386
900,1.92256284649282,1.92562224814639,-0.0274296116099782
901,0.68170280928141,0.707937106340687,0.832812819288509
902,0.631377366292191,0.715213687072587,2.49532967169326
903,0.0609585051426068,0.0693456153085427,0.108494047086915
904,-0.494074499622153,-0.433857152467457,1.43284489383597
905,0.182309310649032,0.231628516373561,1.580842636858
906,-0.192041234794371,-0.19562536418183,-0.279732094880317
907,-0.513296332275176,-0.500313367270376,0.236739627523929
908,1.98077844922236,1.97102172348189,-0.480591893386123
909,-0.345062000018834,-0.303699413255007,0.907673983370457
910,0.166389536760286,0.212021365450334,1.37747791555267
911,1.10421268862667,1.07475194135909,-1.02897352910151
912,1.10049048006917,1.05099802590779,-1.74992674939834
913,-0.166009582998593,-0.177497640569205,-0.504966337504754
914,-0.636805555189184,-0.637592694417335,-0.186883847314233
915,0.954859001317093,0.978194694359298,0.590977137530191
916,-1.02260305659042,-0.971614413089884,1.57068381936451
917,-0.54395080111866,-0.550221412339759,-0.347840947926662
918,0.185787916557888,0.178125139959425,-0.329888058996245
919,-0.202938629140349,-0.193004233365109,0.148021194365112
920,0.541062370702702,0.532437460246315,-0.433083482946074
921,-0.45065629052741,-0.474978204857587,-0.900188458100541
922,-1.51413367027108,-1.50157083882519,0.236283379587034
923,0.81596575303846,0.787983792756276,-1.32048728835564
924,1.21052014270495,1.19347416831574,-0.627740629443037
925,-0.838071455995013,-0.792421161952174,1.4040296815012
926,-1.32528141798337,-1.32211379592059,-0.0786348391354657
927,0.200092493019998,0.234871008125488,0.975670080808245
928,0.893734352888766,0.90827951268778,0.315142109737681
929,0.228386596641126,0.259719593260775,1.10821960348424
930,0.318978656172869,0.293515832223019,-0.666517391955174
931,-0.0249062604473864,-0.0139290273981395,0.181046187102104
932,1.11074510811165,1.14872184086579,1.06511837855741
933,-0.111806334137079,-0.0758616908646246,0.839479094518847
934,-0.447998874150779,-0.450896065024765,-0.233979397571888
935,0.760389282935853,0.765960301563754,0.0376647330348148
936,-0.279632279881863,-0.248854541218557,0.934009041889178
937,-0.917790931394055,-0.970152630370437,-1.58873091418021
938,1.30546209283766,1.28981271224983,-0.622517439831793
939,-0.0679159649228601,-0.0485966543995106,0.458079065548581
940,0.276656911911417,0.279254807937258,-0.0515799878494316
941,-1.38709364866226,-1.38267371010071,-0.032755549801047
942,0.03601736954058,0.0657566056750286,0.731307080590778
943,-0.365689656701285,-0.354277188138678,0.199727969360814
944,-0.866301590805668,-0.846171469246586,0.519428834136036
945,-1.51335804747657,-1.53370156113902,-0.769775684667656
946,0.130309910758273,0.123328980414617,-0.345664376574244
947,0.323702817310564,0.299410032423728,-0.839614322190706
948,-0.547883060650503,-0.491700980605628,1.68319945847434
949,-0.764697867019946,-0.761877904183987,-0.0749539609814591
950,0.551894578616757,0.555477192561478,-0.0282964250104716
951,-1.99833556028888,-1.99152917744045,0.0370180609105919
952,-0.428371195135618,-0.416469939820553,0.268308973772967
953,-0.481761471559538,-0.492072144705044,-0.528098255574276
954,-0.393616363696276,-0.393488293568798,-0.164808772697684
955,-0.850527556305929,-0.800064889083877,1.33898844055316
956,-0.985805533187014,-0.929770798663743,1.56927506502707
957,0.146218544403934,0.14759339656817,-0.134832115069351
958,0.0532898978186011,0.0762028952097818,0.539202242717966
959,-0.425884874847211,-0.334495607865392,2.69310146508678
960,2.4769663798204,2.48397329839113,0.109483696895538
961,0.49184029389638,0.504571268977869,0.294033415981519
962,0.80991878979944,0.807532837866443,-0.205092535393268
963,0.763217744646999,0.765396113478352,-0.0778643395336203
964,0.569120441921546,0.537289979323445,-1.05463264314135
965,-0.669484207760156,-0.630587689851839,0.864349707451123
966,-0.414822216933029,-0.403714941021833,0.166219106450231
967,-0.581089278044959,-0.518028211132064,1.7349483188942
968,-1.14228808264139,-1.13876054700137,-0.0577284687998401
969,-0.961871647523103,-0.961781307713755,-0.177050428239532
970,1.2644132825719,1.30871214878612,1.07837650428142
971,-0.891623915166097,-0.894440523047602,-0.304703621730768
972,0.299495437215886,0.31158332030657,0.217371706703464
973,-0.564570472194449,-0.548172385076335,0.415539147978738
974,-0.257593931344589,-0.286227772177846,-1.13844208617392
975,-0.0387352936027779,-0.0896320245453546,-1.92369232816225
976,-1.34758028692211,-1.33198672566049,0.31634931270894
977,-0.383829893733001,-0.34569929478718,0.989247043274005
978,0.0285614201235299,0.00204989985693623,-0.928523665689579
979,0.935264891988514,0.870594465783322,-2.31805583860106
980,-1.01209712819239,-1.03563032500982,-0.89411125027258
981,-0.361436837849061,-0.325684000271619,1.05190836133708
982,-0.638788212714276,-0.671661550699422,-0.997958856164585
983,0.367373605924005,0.384400243308192,0.331648476440315
984,-1.02742364721992,-1.02019410428988,0.0619514100907051
985,-0.197428089831285,-0.21331742244818,-0.59662850951981
986,1.03457070209163,1.01864205411232,-0.639931307071811
987,1.57969704299602,1.5898169475057,0.187385144833655
988,-0.830701213910447,-0.874194154392846,-1.24295575178089
989,-1.11678690285329,-1.11272844158252,-0.0419036612384158
990,0.489437191653801,0.510613144220488,0.519677919873696
991,-0.94699404442888,-0.915800168834795,0.816454822617186
992,-0.165655550423696,-0.150438847663434,0.297595795419814
993,1.16849267810394,1.17603460627697,0.105207024634024
994,-1.21631404055988,-1.21728624440157,-0.164206810308476
995,-0.232408527602193,-0.251465566716344,-0.79019735626584
996,1.05787208454789,1.07660843712922,0.5367801394422
997,-0.14419317849669,-0.132539045273789,0.231756551277601
998,-1.0046596757989,-1.00369713451774,-0.127855841552426
999,-0.0627411771327692,-0.0996162244382581,-1.26258729036615
1000,-1.29593728158107,-1.3174648187905,-0.839200151051852
