scen,n,m,sd_C,pred_sd_C,corr_C_EF,rej_zL2,rej_fisher,rej_zEF,rej_zHL2
cloglog,1000,2,14.2069253868616,31.1868942058047,-0.0659571575827808,0.716,0.504,0.062,0.298
cloglog,1000,5,5.68086543175617,12.4720959589737,-0.138319879299753,0.72,0.551,0.11,0.078
cloglog,1000,10,2.84746724845569,6.23195172120858,-0.184073103038701,0.718,0.586,0.132,0.03
cloglog,1000,25,1.13408981273243,2.48219935116582,-0.289201809891817,0.733,0.645,0.258,0.072
cloglog,1000,50,0.578259629817697,1.22334872602622,-0.360102694615112,0.742,0.711,0.383,0.179
cloglog,4000,2,27.8092998148192,60.2976820732093,-0.060157609569457,1,1,0.087,0.98
cloglog,4000,5,11.1239975017533,24.118749800724,-0.144928920698638,1,1,0.186,0.399
cloglog,4000,10,5.56261918257125,12.0588739912975,-0.172155473211516,1,1,0.311,0.07
cloglog,4000,25,2.2266033743961,4.82225063207127,-0.268934004081158,1,1,0.571,0.109
cloglog,4000,50,1.11342011932116,2.4088666712086,-0.341017440607689,1,1,0.817,0.438
cloglog,16000,2,55.5747986824473,119.919530071557,-0.0713933525659367,1,1,0.189,1
cloglog,16000,5,22.2306867372073,47.9677715603613,-0.0973893756700192,1,1,0.456,0.985
cloglog,16000,10,11.1168931791339,23.9838240572353,-0.129746971019668,1,1,0.743,0.318
cloglog,16000,25,4.44573518202423,9.59336777233121,-0.256093078816513,1,1,0.977,0.253
cloglog,16000,50,2.22280523694085,4.79640338645057,-0.351671948727523,1,1,1,0.936
loglog,1000,2,9.68620147478954,12.614650077491,-0.0857061515471457,0.338,0.29,0.081,0.059
loglog,1000,5,3.85951942233848,5.04396701572503,-0.0807308829926376,0.341,0.316,0.106,0.045
loglog,1000,10,1.92241285064024,2.51905262692768,-0.137947962548686,0.342,0.333,0.137,0.065
loglog,1000,25,0.776819247364158,0.999986236310421,-0.140882991829046,0.345,0.384,0.22,0.109
loglog,1000,50,0.389331131300311,0.487170690070607,-0.157004245746132,0.361,0.464,0.301,0.194
loglog,4000,2,17.7986289538029,23.9312616828138,-0.0444153556609592,0.965,0.926,0.088,0.215
loglog,4000,5,7.11768758952738,9.57226976896205,-0.0946900994158609,0.964,0.934,0.178,0.048
loglog,4000,10,3.56253846182935,4.7857715592749,-0.112677937959474,0.964,0.942,0.259,0.083
loglog,4000,25,1.42706408943941,1.91336190889486,-0.146559038541644,0.964,0.968,0.477,0.277
loglog,4000,50,0.714194308392429,0.955049041959354,-0.146528713681431,0.966,0.983,0.708,0.514
loglog,16000,2,35.4464547761927,47.3304356525341,-0.0275425679676806,1,1,0.188,0.683
loglog,16000,5,14.1777212003869,18.9321455360235,-0.0621447507882279,1,1,0.406,0.063
loglog,16000,10,7.08915132186614,9.46602763545747,-0.0566842281079755,1,1,0.649,0.145
loglog,16000,25,2.83697347723178,3.78629355470158,-0.084127022115671,1,1,0.946,0.74
loglog,16000,50,1.41763784118365,1.89294324007061,-0.114193306245652,1,1,0.997,0.979
null,1000,2,3.8540661022017,3.76623175490374,0.0221156126207816,0.05725,0.05775,0.055,0.05
null,1000,5,1.54302668634449,1.5056323945805,0.0228917674837818,0.05725,0.05775,0.058,0.04925
null,1000,10,0.773673322914126,0.751496463145177,0.0362179876446388,0.058,0.06125,0.0585,0.04425
null,1000,25,0.309870816381271,0.297156802911137,-0.00363968365880714,0.0575,0.0705,0.0565,0.04375
null,1000,50,0.157640685495421,0.142565304270212,-0.00023556264018721,0.075,0.08125,0.0545,0.0375
null,4000,2,7.12113281963056,7.15126868719788,0.0221098069619648,0.04725,0.05525,0.05775,0.05325
null,4000,5,2.84874377486451,2.86039738229817,0.0020174314476575,0.048,0.0545,0.05425,0.057
null,4000,10,1.42450058772081,1.43002936765202,0.000406873998498629,0.04725,0.056,0.057,0.05075
null,4000,25,0.569616310631384,0.571571112200619,-0.00503565267935519,0.0485,0.05475,0.051,0.04375
null,4000,50,0.285730503712145,0.285022155716226,-0.00615991879155584,0.048,0.06025,0.056,0.0455
null,16000,2,14.1500865401883,14.1390095589007,0.0236551001878568,0.05125,0.05625,0.05475,0.052
null,16000,5,5.66051389053918,5.65558990909182,-0.00481610296714162,0.05125,0.05675,0.048,0.053
null,16000,10,2.83026402416541,2.82777379824749,-0.00326050521636389,0.0515,0.05475,0.0545,0.0505
null,16000,25,1.13191030221952,1.13105405127033,0.023286250651687,0.0515,0.05575,0.0545,0.053
null,16000,50,0.565670594031292,0.565430990512389,0.0192267339817305,0.052,0.05575,0.051,0.05025
quadneg,1000,2,5.51021911756175,4.07279890784122,0.124304459611633,0.633,0.544,0.103,0.141
quadneg,1000,5,2.20472667731745,1.62830884033162,0.220658092423667,0.631,0.588,0.18,0.177
quadneg,1000,10,1.10165980097844,0.812893531386875,0.261244873411008,0.625,0.608,0.253,0.212
quadneg,1000,25,0.443589532514074,0.321854944625972,0.356649844128651,0.63,0.677,0.411,0.362
quadneg,1000,50,0.221226099467513,0.1551840048181,0.447359407576874,0.638,0.756,0.578,0.509
quadneg,4000,2,10.2498276242081,7.73422032534382,0.134182774311398,0.996,0.99,0.155,0.329
quadneg,4000,5,4.10047589229734,3.09358431064857,0.15464909598371,0.996,0.993,0.354,0.399
quadneg,4000,10,2.05080790386668,1.54663229195591,0.263930496165718,0.996,0.995,0.575,0.571
quadneg,4000,25,0.822299173479286,0.618234109069308,0.366533627834905,0.996,0.997,0.86,0.837
quadneg,4000,50,0.41170846203416,0.308393097188421,0.466789468320207,0.996,0.999,0.969,0.959
quadneg,16000,2,20.8671864281324,15.2391748926816,0.096651795021001,1,1,0.349,0.809
quadneg,16000,5,8.34708617985896,6.0956569073514,0.193716568834569,1,1,0.789,0.903
quadneg,16000,10,4.17317480735211,3.0478082418279,0.289355447029116,1,1,0.964,0.975
quadneg,16000,25,1.66966019507175,1.2190711087122,0.368725212194493,1,1,1,1
quadneg,16000,50,0.833950285228451,0.609444779930044,0.445553944319681,1,1,1,1
quadpos,1000,2,3.35884866071035,3.02706492435242,0.00892743540837038,0.275,0.237,0.101,0.055
quadpos,1000,5,1.3429211388828,1.20996546885725,-0.00594802174566539,0.269,0.286,0.159,0.102
quadpos,1000,10,0.671395924431514,0.603650526368718,-0.0419405797056632,0.265,0.357,0.253,0.162
quadpos,1000,25,0.270152927259747,0.23797838779858,-0.12625505642506,0.275,0.505,0.411,0.313
quadpos,1000,50,0.137269164210772,0.112886426999741,-0.142984266706315,0.319,0.623,0.562,0.468
quadpos,4000,2,6.31209329286548,5.80652525779031,-0.0256958842394394,0.705,0.694,0.148,0.061
quadpos,4000,5,2.52410069374965,2.32249953119456,-0.0388725050486221,0.706,0.76,0.33,0.187
quadpos,4000,10,1.26180942687218,1.16107948737412,-0.0458501777261874,0.707,0.846,0.545,0.406
quadpos,4000,25,0.505255750470453,0.463985084351521,-0.11011806484741,0.712,0.94,0.857,0.756
quadpos,4000,50,0.25300824655374,0.231219878197986,-0.128453199218687,0.714,0.979,0.961,0.928
quadpos,16000,2,12.5390572636611,11.4060177672702,0.003411739068549,0.999,0.999,0.348,0.097
quadpos,16000,5,5.01583196837911,4.56239322461632,-0.0255570265240315,0.999,0.999,0.748,0.527
quadpos,16000,10,2.50862734059131,2.28117506098269,-0.00704812000830581,0.999,0.999,0.958,0.904
quadpos,16000,25,1.00266143832986,0.912413901630614,-0.0686089502753582,0.999,1,0.999,0.999
quadpos,16000,50,0.502377037164509,0.456110015600889,-0.0943065514305022,0.999,1,1,1
