oracle,n,m,R,mean_HL_minus_G,pred_mu_HL,mean_EF_minus_G,pred_mu_EF,mean_C,d,sd_HL,pred_sd_HL,sd_EF,pred_sd_EF,simple_sd_EF,var_ratio,size_zEF,size_zHL,size_zHL2,size_HLchisq,size_EFchisq,skew_zEF,skew_zHL
FALSE,1000,2,4000,-1.2414719794152,-2.53040723081813,-1.25914644874866,-1.26560401645064,0.0176744693334695,2.52960642873498,22.602527801051,22.6756055581033,22.1864443489202,22.3606481523913,22.3606797749979,1.03785960918348,0.055,0.0605,0.05,0.01225,0.01075,0.0650872823165333,0.0806988719798894
FALSE,1000,5,4000,-1.37410218177429,-2.24852429903964,-1.37951188992327,-1.79917849305634,0.00540970814897732,2.24672902991644,17.9339008475492,17.9516393455077,17.8321091027168,17.8883880292096,17.8885438199983,1.01144926550165,0.058,0.06175,0.04925,0.038,0.03725,0.214533930897845,0.227407348439873
FALSE,1000,10,4000,-1.6635797726856,-2.15388305184542,-1.66692243618941,-1.93881167793335,0.00334266350381061,2.15071373912074,13.2711917192887,13.4370194272697,13.2206297728909,13.4159883778536,13.4164078649987,1.00766357332087,0.0585,0.06,0.04425,0.04425,0.04325,0.231397341118078,0.231674359815726
FALSE,1000,25,4000,-1.77372530632257,-2.09635100204619,-1.77663618160204,-2.01278436299089,0.00291087527946644,2.08916597638253,8.53805254413137,8.76703247655879,8.53355553993786,8.76199499426473,8.76356092008266,1.00105423561978,0.0565,0.05775,0.04375,0.046,0.04625,0.434200319870648,0.440420314909699
FALSE,1000,50,4000,-1.90873514028579,-2.0741467679702,-1.90971655343426,-2.03294001991713,0.00098141314846097,2.06033740265392,5.91946214100561,6.25830357589631,5.9173998453339,6.25667953327441,6.26099033699941,1.00069714911782,0.0545,0.057,0.0375,0.0495,0.049,0.624549123982189,0.628245970558251
FALSE,4000,2,4000,-0.625009087693377,-2.5306910525217,-0.589429093424768,-1.26544562973136,-0.0355799942686201,2.53049084558065,45.9233479456094,45.2895164086017,45.2106933082725,44.7213556669351,44.7213595499958,1.03177440381078,0.05775,0.0605,0.05325,0.01175,0.01025,0.0894052341251761,0.0878097166527218
FALSE,4000,5,4000,-1.60791438455869,-2.2492120154672,-1.59393724232562,-1.79945929963978,-0.0139771422330756,2.2487635791371,36.58038798006,35.8912313167687,36.4635478397719,35.7770682455835,35.7770876399966,1.00641886720532,0.05425,0.0575,0.057,0.038,0.03875,0.0775940981173248,0.0799226896078173
FALSE,4000,10,4000,-1.7519754928831,-2.15540469183116,-1.74540669348139,-1.93994352632992,-0.00656879940171094,2.15461165501251,26.8216565697834,26.8708423900554,26.7832225941259,26.8327633082925,26.8328157299975,1.00287206305639,0.057,0.058,0.05075,0.04725,0.04525,0.109526600343031,0.109085427041517
FALSE,4000,25,4000,-1.96880417323103,-2.09909291004482,-1.96592225717148,-2.01520109565944,-0.00288191605954656,2.09729535963471,17.1655675929736,17.53624329448,17.1589826432878,17.5269260096256,17.5271218401653,1.00076766942964,0.051,0.05025,0.04375,0.044,0.04375,0.240540578573536,0.244818019572738
FALSE,4000,50,4000,-2.16892384319261,-2.08016467554675,-2.16717809833583,-2.03863066507743,-0.00174574485676692,2.07670052346594,12.5623239689706,12.5246834420059,12.5608342734101,12.5214399209199,12.5219806739988,1.00023721097912,0.056,0.056,0.0455,0.04975,0.04875,0.358223496438856,0.363167312550228
FALSE,16000,2,4000,-0.329281763470334,-2.53107110221865,-0.24399417245952,-1.26556061022395,-0.0852875910108761,2.53102098398942,91.3147397154431,90.5533627449032,89.877632089073,89.4427186142245,89.4427190999916,1.03223487274135,0.05475,0.0595,0.052,0.01275,0.01125,0.0280761975367776,0.024671933049825
FALSE,16000,5,4000,-1.75950179169883,-2.24982984416529,-1.72542384897142,-1.79988631102574,-0.0340779427273764,2.24971766569769,72.5215460734219,71.7773317298351,72.3275657012694,71.5541728555014,71.5541752799933,1.00537113326165,0.048,0.0485,0.053,0.03375,0.03525,0.0441994364134095,0.0330317625528726
FALSE,16000,10,4000,-2.24569844355204,-2.15598933943008,-2.22921937867143,-1.94041023898905,-0.016479064880588,2.15579100441017,54.2357853091119,53.74007444421,54.1711159713675,53.6656249065934,53.665631459995,1.0023890199649,0.0545,0.056,0.0505,0.0445,0.0445,0.059197858637955,0.0538812338177317
FALSE,16000,25,4000,-2.04322644284465,-2.09972095068045,-2.03680030698851,-2.01575011157535,-0.0064261358561468,2.09927097762751,35.1095660387784,35.0724616331016,35.0649672095049,35.054219171713,35.0542436803306,1.00254540045282,0.0545,0.05525,0.053,0.04975,0.04825,0.140535111475986,0.142685330035568
FALSE,16000,50,4000,-1.89922680575617,-2.08096981174126,-1.89611946085805,-2.03936776621914,-0.00310734489811917,2.08010227610575,24.5849904355114,25.0502758620089,24.56760828763,25.043893638125,25.0439613479976,1.00141554658578,0.051,0.0515,0.05025,0.0465,0.047,0.122131804832429,0.126647694812526
TRUE,1000,2,4000,-1.67775454894858,-2.76747403983703,-1.67019182462974,-1.50261614908755,-0.00756272431883156,2.52971578149896,22.5302733951701,22.6662375531858,22.1567109464783,22.3562437410032,22.3606797749979,1.03400428733229,0.052,0.05725,0.0515,0.01175,0.011,0.153442016184336,0.160677525954079
TRUE,1000,5,4000,-2.01345587140262,-2.39966200325071,-2.02065106007346,-1.95048296530058,0.00719518867084238,2.24589518975062,17.7542530144294,17.9392173866107,17.7010344928943,17.8767940954819,17.8885438199983,1.00602207999111,0.05225,0.05425,0.0455,0.03075,0.03175,0.188324707207413,0.196464572832924
TRUE,1000,10,4000,-2.06990960541033,-2.23897618539296,-2.07484488175522,-2.02395544114938,0.00493527634489253,2.15020744243581,13.1801545104609,13.426074360967,13.1542329784284,13.4052590953338,13.4164078649987,1.00394505287599,0.0585,0.059,0.04375,0.04025,0.0395,0.27029354415606,0.274594612769182
TRUE,1000,25,4000,-2.26929025244414,-2.13270092951609,-2.27096943719902,-2.04914807762768,0.00167918475487763,2.08882129721024,8.65726476225433,8.75915062065975,8.65677428837221,8.75415806349457,8.76356092008266,1.00011331883225,0.058,0.05875,0.0445,0.047,0.04775,0.468587388465518,0.470560014595604
TRUE,1000,50,4000,-2.0592778178857,-2.0893905098432,-2.05908659212678,-2.04825504968254,-0.000191225758921738,2.05677300803272,5.8633171487445,6.25247704033088,5.86072964775331,6.2508675202787,6.26099033699941,1.00088319111617,0.0525,0.053,0.0345,0.045,0.04425,0.603978997150635,0.608725784761632
TRUE,4000,2,4000,-1.29243824749767,-2.77235535485146,-1.24679562269678,-1.50704040556172,-0.045642624800862,2.53062989857955,45.352119336777,45.2847934160306,44.7791661393935,44.71913909089,44.7213595499958,1.02575388240889,0.05275,0.056,0.0525,0.00975,0.009,-0.00410724537742587,0.0108066143396922
TRUE,4000,5,4000,-1.6158919396586,-2.40371832021339,-1.59898802933774,-1.9540063285321,-0.0169039103208617,2.24855995840649,35.9090573577338,35.8849344926727,35.8713078557768,35.7711713392463,35.7770876399966,1.00210582592234,0.0505,0.0525,0.05025,0.0315,0.03175,0.0179062939886595,0.0180041975242563
TRUE,4000,10,4000,-2.61080151620558,-2.24223943161526,-2.60287830720522,-2.02680407838622,-0.00792320900036546,2.15435353229036,26.67107078235,26.8652851750701,26.6511241030731,26.8273051711987,26.8328157299975,1.00149743355013,0.04775,0.048,0.04725,0.03775,0.03625,0.0802303733509544,0.0816417301491247
TRUE,4000,25,4000,-2.46006025883087,-2.13614238698804,-2.45785216311986,-2.05225570431578,-0.00220809571100538,2.09716706680658,17.4132495623369,17.5322534208327,17.394294614553,17.5229543550346,17.5271218401653,1.00218063175508,0.048,0.04875,0.04525,0.042,0.041,0.212661146965308,0.213151951536887
TRUE,4000,50,4000,-2.11968831149985,-2.09891171482929,-2.11800919484895,-2.0573829697682,-0.00167911665089925,2.07643725305431,12.414702250819,12.5217385422759,12.4121141644554,12.5185007945007,12.5219806739988,1.00041706934919,0.05825,0.0585,0.0455,0.051,0.0495,0.321284822957579,0.322310793112746
TRUE,16000,2,4000,-2.41244560982462,-2.76041686483655,-2.31873630562678,-1.49485671742702,-0.0937093041977895,2.53112029481896,90.2110662508473,90.5512067028727,89.1630853781596,89.4416741085883,89.4427190999916,1.02364520260349,0.0475,0.05025,0.04975,0.01175,0.01025,0.0283937355207755,0.0366474998181515
TRUE,16000,5,4000,-3.16667601062798,-2.39657233323275,-3.13324718680515,-1.94663580409557,-0.0334288238228707,2.24968264568556,71.8214903088437,71.7743738024762,71.5641977046488,71.5513772395739,71.5541752799933,1.00720346571712,0.04825,0.04975,0.04775,0.03025,0.02925,0.022119509299715,0.0189997606450568
TRUE,16000,10,4000,-2.43914562915469,-2.23862178749151,-2.42371570142929,-2.02303631391734,-0.0154299277254275,2.15585473574176,53.7567925124008,53.7374507897141,53.6810346961642,53.6630379572616,53.665631459995,1.00282450864059,0.05125,0.05175,0.0485,0.04125,0.0385,0.0513704727266623,0.0490130152828196
TRUE,16000,25,4000,-2.65045484116342,-2.13494591616533,-2.64444034767985,-2.05097568870962,-0.00601449348357924,2.09925568639306,34.8185091855306,35.0705733948399,34.7717735568333,35.0523367457067,35.0542436803306,1.00268994255083,0.0475,0.049,0.0465,0.0415,0.04125,0.0671103677132136,0.0684595203020348
TRUE,16000,50,4000,-2.08182184831769,-2.09893021086409,-2.07903131048973,-2.05732882248562,-0.00279053782798033,2.08006941892345,24.9082297650555,25.0488831361128,24.8887663158887,25.0425025502568,25.0439613479976,1.00156464641903,0.05025,0.0505,0.04875,0.045,0.046,0.127150139878617,0.128167998170646
