"scen","n","m","Delta","A","sdEF","sdHL","thetaEF","thetaHL","powEF","powHL","powHL2","R"
"cloglog",1000,2,4.42203826157284,-66.7098127946544,22.3606797749979,37.3126203034832,0.197759563039637,-1.66934870900147,0.0739352901795797,0.000459524878829544,0.385814876374244,3.56892653564761
"cloglog",4000,2,17.6881530462914,-266.839251178618,44.7213595499958,74.6252406069663,0.395519126079275,-3.33869741800294,0.105771377037224,3.12139174619714e-07,0.916011579712695,3.56892653564761
"cloglog",16000,2,70.7526121851655,-1067.35700471447,89.4427190999916,149.250481213933,0.79103825215855,-6.67739483600587,0.196603647130726,4.3155073431974e-17,0.999998805792307,3.56892653564761
"cloglog",1000,5,7.07520516602926,-26.6839251110762,17.8885438199983,21.5117888941367,0.395515992649978,-0.911533673073164,0.105770804244183,0.00528826628401181,0.149262856166423,3.56892653564761
"cloglog",4000,5,28.3008206641171,-106.735700444305,35.7770876399966,43.0235777882735,0.791031985299956,-1.82306734614633,0.19660191069661,0.000262250754076695,0.445633712949047,3.56892653564761
"cloglog",16000,5,113.203282656468,-426.94280177722,71.5541752799933,86.0471555765469,1.58206397059991,-3.64613469229266,0.474967001326254,6.08285684803357e-08,0.954118548287112,3.56892653564761
"cloglog",1000,10,7.95958764731999,-13.341962551961,13.4164078649987,14.6863632447409,0.593272635075837,-0.366487932713257,0.14649591622771,0.0221446957826152,0.0655239456404939,3.56892653564761
"cloglog",4000,10,31.83835058928,-53.3678502078442,26.8328157299975,29.3727264894818,1.18654527015167,-0.732975865426514,0.323365460557135,0.00870743827062646,0.113454780477891,3.56892653564761
"cloglog",16000,10,127.35340235712,-213.471400831377,53.665631459995,58.7454529789636,2.37309054030335,-1.46595173085303,0.766765713461016,0.000932889389021764,0.310955128016499,3.56892653564761
"cloglog",1000,25,8.49021887370935,-5.33678501627528,8.76356092008266,9.08351707528731,0.968809249018066,0.347160007659734,0.249506234846272,0.0971963185666113,0.0639175053222156,3.56892653564761
"cloglog",4000,25,33.9608754948374,-21.3471400651011,17.5271218401653,18.1670341505746,1.93761849803613,0.694320015319469,0.615149059441495,0.170920591803394,0.106794133602433,3.56892653564761
"cloglog",16000,25,135.84350197935,-85.3885602604045,35.0542436803306,36.3340683011493,3.87523699607227,1.38864003063894,0.987138998647197,0.398892955306585,0.28429613252774,3.56892653564761
"cloglog",1000,50,8.66709001091716,-2.668392493902,6.26099033699941,6.37397604437443,1.38430017368001,0.941123323221385,0.397218444444026,0.240800372356841,0.155998660427812,3.56892653564761
"cloglog",4000,50,34.6683600436686,-10.673569975608,12.5219806739988,12.7479520887489,2.76860034736002,1.88224664644277,0.869439754970564,0.59382404769128,0.469087416570236,3.56892653564761
"cloglog",16000,50,138.673440174675,-42.6942799024321,25.0439613479976,25.4959041774977,5.53720069472005,3.76449329288554,0.999950360459167,0.982981777663085,0.964425820754042,3.56892653564761
"loglog",1000,2,3.89509124654118,-19.6878325945104,22.3606797749979,25.2870715569009,0.174193776116609,-0.624538168147798,0.0706915645998351,0.0116222553509231,0.0957444947592438,0.55774395169531
"loglog",4000,2,15.5803649861647,-78.7513303780414,44.7213595499958,50.5741431138018,0.348387552233219,-1.2490763362956,0.0974074803564856,0.00190226505891261,0.239242824438647,0.55774395169531
"loglog",16000,2,62.3214599446588,-315.005321512166,89.4427190999916,101.148286227604,0.696775104466437,-2.49815267259119,0.171544740595904,1.71391262883047e-05,0.704780739755365,0.55774395169531
"loglog",1000,5,6.23214598092638,-7.87513303755982,17.8885438199983,18.5016150124202,0.348387551476337,-0.0888023589038306,0.0974074802261835,0.0414895702008737,0.050903825132678,0.55774395169531
"loglog",4000,5,24.9285839237055,-31.5005321502393,35.7770876399966,37.0032300248404,0.696775102952675,-0.177604717807661,0.171544740210617,0.0341927343456987,0.0536212138615127,0.55774395169531
"loglog",16000,5,99.7143356948221,-126.002128600957,71.5541752799933,74.0064600496808,1.39355020590535,-0.355209435615323,0.400789765203642,0.0227467273539564,0.0645756376527282,0.55774395169531
"loglog",1000,10,7.01116420782242,-3.9375665181114,13.4164078649987,13.62268106934,0.522581325670147,0.225623551932714,0.13087333972574,0.0779159752624774,0.0558517463652541,0.55774395169531
"loglog",4000,10,28.0446568312897,-15.7502660724456,26.8328157299975,27.2453621386799,1.04516265134029,0.451247103865428,0.274356101824766,0.116315960570743,0.0736353964957214,0.55774395169531
"loglog",16000,10,112.178627325159,-63.0010642897824,53.665631459995,54.4907242773598,2.09032530268059,0.902494207730856,0.672010537780618,0.228934799859508,0.147250464076318,0.55774395169531
"loglog",1000,25,7.47857512464708,-1.57502660664791,8.76356092008266,8.81432869382079,0.853371727867962,0.669767230502511,0.214331417382585,0.164758702945737,0.102763796475002,0.55774395169531
"loglog",4000,25,29.9143004985883,-6.30010642659166,17.5271218401653,17.6286573876416,1.70674345573592,1.33953446100502,0.524674716287344,0.380061540045829,0.267971808859709,0.55774395169531
"loglog",16000,25,119.657201994353,-25.2004257063666,35.0542436803306,35.2573147752832,3.41348691147185,2.67906892201005,0.961522453782723,0.849482237326283,0.763963617539859,0.55774395169531
"loglog",1000,50,7.63437876234157,-0.787513301680775,6.26099033699941,6.27878153630767,1.21935641989832,1.09047677818827,0.335237128595777,0.289660483405459,0.193432880124353,0.55774395169531
"loglog",4000,50,30.5375150493663,-3.1500532067231,12.5219806739988,12.5575630726153,2.43871283979664,2.18095355637654,0.786361301685464,0.7040552555478,0.587467019600856,0.55774395169531
"loglog",16000,50,122.150060197465,-12.6002128268924,25.0439613479976,25.1151261452307,4.87742567959327,4.36190711275309,0.999386594033317,0.996706701866521,0.991845878311201,0.55774395169531
"quadpos",1000,2,6.76391573788115,-3.72164764353486,22.3606797749979,22.5392937494711,0.302491507679658,0.13497619438132,0.0897393054369244,0.0655373510503814,0.0520895912362773,0.0320790508997963
"quadpos",4000,2,27.0556629515246,-14.8865905741394,44.7213595499958,45.0785874989423,0.604983015359316,0.26995238876264,0.149200008892842,0.0845810326829296,0.0583893657129054,0.0320790508997963
"quadpos",16000,2,108.222651806098,-59.5463622965578,89.4427190999916,90.1571749978846,1.20996603071863,0.539904777525279,0.331822009181649,0.134590876883199,0.0840071885523727,0.0320790508997963
"quadpos",1000,5,10.8203093447774,-1.48865903302456,17.8885438199983,17.9243734070676,0.604873680812462,0.520612358369714,0.149174608831401,0.130455343217947,0.081583969874169,0.0320790508997963
"quadpos",4000,5,43.2812373791096,-5.95463613209825,35.7770876399966,35.8487468141352,1.20974736162492,1.04122471673943,0.331742647956575,0.273045193749904,0.180460621963538,0.0320790508997963
"quadpos",16000,5,173.124949516438,-23.818544528393,71.5541752799933,71.6974936282704,2.41949472324985,2.08244943347886,0.780724116870807,0.669160344193516,0.548769167282835,0.0320790508997963
"quadpos",1000,10,12.1761844319007,-0.744329519936007,13.4164078649987,13.428357699622,0.907559203210157,0.851321894135015,0.230471661269353,0.213734044305484,0.136259502547503,0.0320790508997963
"quadpos",4000,10,48.704737727603,-2.97731807974403,26.8328157299975,26.856715399244,1.81511840642031,1.70264378827003,0.567599045652421,0.523042112393584,0.398590631770195,0.0320790508997963
"quadpos",16000,10,194.818950910412,-11.9092723189761,53.665631459995,53.7134307984881,3.63023681284063,3.40528757654006,0.976449072384817,0.960832871333355,0.925816533321653,0.0320790508997963
"quadpos",1000,25,12.988791315609,-0.297731801474551,8.76356092008266,8.76648883427337,1.48213624964297,1.44767874049159,0.435370482113664,0.42184534126064,0.304553328612882,0.0320790508997963
"quadpos",4000,25,51.9551652624361,-1.19092720589821,17.5271218401653,17.5329776685467,2.96427249928595,2.89535748098319,0.906485442060825,0.894442225832823,0.825207827309566,0.0320790508997963
"quadpos",16000,25,207.820661049745,-4.76370882359282,35.0542436803306,35.0659553370935,5.92854499857189,5.79071496196637,0.999990809107521,0.999983073066651,0.999936123625139,0.0320790508997963
"quadpos",1000,50,13.2595187459225,-0.148865915666403,6.26099033699941,6.26201498084761,2.11779894748682,2.09367956965211,0.681873904878688,0.673221388663083,0.553211472663722,0.0320790508997963
"quadpos",4000,50,53.0380749836899,-0.595463662665612,12.5219806739988,12.5240299616952,4.23559789497363,4.18735913930421,0.995211568549759,0.994496956742686,0.987039562411393,0.0320790508997963
"quadpos",16000,50,212.15229993476,-2.38185465066245,25.0439613479976,25.0480599233905,8.47119578994726,8.37471827860843,0.999999999995645,0.999999999991509,0.999999999929475,0.0320790508997963
"quadneg",1000,2,7.08612256780079,9.52133902062195,22.3606797749979,22.6795693974984,0.316901035169959,0.732265295577198,0.0920968845069463,0.180729546777525,0.113328856003797,0.0574514722237826
"quadneg",4000,2,28.3444902712032,38.0853560824878,44.7213595499958,45.3591387949968,0.633802070339917,1.4645305911544,0.155995877248485,0.428449486067241,0.310455085929865,0.0574514722237826
"quadneg",16000,2,113.377961084813,152.341424329951,89.4427190999916,90.7182775899936,1.26760414067983,2.92906118230879,0.352994103815069,0.900465328844591,0.833752158820514,0.0574514722237826
"quadneg",1000,5,11.3392444741394,3.80853563710037,17.8885438199983,17.9526616101611,0.633883036441614,0.843762359040191,0.156015252960832,0.211539405503743,0.13469370748441,0.0574514722237826
"quadneg",4000,5,45.3569778965576,15.2341425484015,35.7770876399966,35.9053232203222,1.26776607288323,1.68752471808038,0.353054270041348,0.517018137745546,0.392774549893172,0.0574514722237826
"quadneg",16000,5,181.42791158623,60.936570193606,71.5541752799933,71.8106464406443,2.53553214576646,3.37504943616076,0.81344916892479,0.958202351574264,0.921478326157561,0.0574514722237826
"quadneg",1000,10,12.7546780834754,1.9042677729943,13.4164078649987,13.4378017072078,0.950677574192592,1.09087380331017,0.243785904287172,0.289796327003032,0.193539922530664,0.0574514722237826
"quadneg",4000,10,51.0187123339016,7.61707109197719,26.8328157299975,26.8756034144157,1.90135514838518,2.18174760662034,0.601218197102571,0.704329575105432,0.587776071353287,0.0574514722237826
"quadneg",16000,10,204.074849335607,30.4682843679088,53.665631459995,53.7512068288313,3.80271029677037,4.36349521324068,0.984530511370953,0.996722470274486,0.991881210092386,0.0574514722237826
"quadneg",1000,25,13.6054032866029,0.761707122644887,8.76356092008266,8.768803929588,1.55249714250569,1.63843444609016,0.463207405993364,0.497439134936009,0.37406465701778,0.0574514722237826
"quadneg",4000,25,54.4216131464114,3.04682849057955,17.5271218401653,17.537607859176,3.10499428501138,3.27686889218032,0.92787428979331,0.94866186478208,0.906064831045351,0.0574514722237826
"quadneg",16000,25,217.686452585646,12.1873139623182,35.0542436803306,35.075215718352,6.20998857002276,6.55373778436064,0.999997504134303,0.999999542019697,0.999997823493879,0.0574514722237826
"quadneg",1000,50,13.8884641184102,0.380853542444178,6.26099033699941,6.26282528807003,2.21825356227371,2.27841541229576,0.716813032951552,0.736816576560013,0.624939990303972,0.0574514722237826
"quadneg",4000,50,55.5538564736409,1.52341416977671,12.5219806739988,12.5256505761401,4.43650712454742,4.55683082459152,0.997378026073411,0.998204255738185,0.995296080653651,0.0574514722237826
"quadneg",16000,50,222.215425894563,6.09365667910685,25.0439613479976,25.0513011522801,8.87301424909484,9.11366164918304,0.999999999999755,0.99999999999996,0.999999999999578,0.0574514722237826
