scen,n,m,R,pow_zEF,pow_zHL,pow_zHL2,pow_HLchisq,shift_EF,shift_HL,mean_C,Delta,A,thetaEF,thetaHL,pred_EF,pred_HL,pred_HL2
cloglog,1000,2,1000,0.062,0,0.298,0,4.54097386600587,-61.5082866942665,-67.3115680052974,4.42203826157284,-66.7098127946544,0.197759563039637,-1.66934870900147,0.0739352901795797,0.000459524878829544,0.385814876374244
cloglog,1000,5,1000,0.11,0.001,0.078,0.001,7.31608411947828,-19.1694728962834,-26.9330269926232,7.07520516602926,-26.6839251110762,0.395515992649978,-0.911533673073164,0.105770804244183,0.00528826628401181,0.149262856166423
cloglog,1000,10,1000,0.132,0.016,0.03,0.016,7.69317681248578,-5.55974936853742,-13.46693499375,7.95958764731999,-13.341962551961,0.593272635075837,-0.366487932713257,0.14649591622771,0.0221446957826152,0.0655239456404939
cloglog,1000,25,1000,0.258,0.107,0.072,0.096,8.65596501728099,3.35625569843979,-5.38281046563214,8.49021887370935,-5.33678501627528,0.968809249018066,0.347160007659734,0.249506234846272,0.0971963185666113,0.0639175053222156
cloglog,1000,50,1000,0.383,0.253,0.179,0.234,8.90071744252281,6.26645548215922,-2.67519102760971,8.66709001091716,-2.668392493902,1.38430017368001,0.941123323221385,0.397218444444026,0.240800372356841,0.155998660427812
cloglog,4000,2,1000,0.087,0,0.98,0,17.9498599627696,-246.868340272169,-266.07986577801,17.6881530462914,-266.839251178618,0.395519126079275,-3.33869741800294,0.105771377037224,3.12139174619714e-07,0.916011579712695
cloglog,4000,5,1000,0.186,0,0.399,0,29.5346722880639,-76.4446355541112,-106.426802932318,28.3008206641171,-106.735700444305,0.791031985299956,-1.82306734614633,0.19660191069661,0.000262250754076695,0.445633712949047
cloglog,4000,10,1000,0.311,0.004,0.07,0.005,31.8264962974133,-21.170038893837,-53.2107721762057,31.83835058928,-53.3678502078442,1.18654527015167,-0.732975865426514,0.323365460557135,0.00870743827062646,0.113454780477891
cloglog,4000,25,1000,0.571,0.166,0.109,0.159,33.3426937735483,12.1425049329234,-21.2835715719659,33.9608754948374,-21.3471400651011,1.93761849803613,0.694320015319469,0.615149059441495,0.170920591803394,0.106794133602433
cloglog,4000,50,1000,0.817,0.54,0.438,0.522,34.0857341015146,23.4854486030934,-10.6415656100428,34.6683600436686,-10.673569975608,2.76860034736002,1.88224664644277,0.869439754970564,0.59382404769128,0.469087416570236
cloglog,16000,2,1000,0.189,0,1,0,71.1080890797823,-993.060923770186,-1065.43120620091,70.7526121851655,-1067.35700471447,0.79103825215855,-6.67739483600587,0.196603647130726,4.3155073431974e-17,0.999998805792307
cloglog,16000,5,1000,0.456,0,0.985,0,108.327165247986,-317.395424717733,-426.170396952514,113.203282656468,-426.94280177722,1.58206397059991,-3.64613469229266,0.474967001326254,6.08285684803357e-08,0.954118548287112
cloglog,16000,10,1000,0.743,0,0.318,0,123.290225475155,-89.5800704599654,-213.084673625376,127.35340235712,-213.471400831377,2.37309054030335,-1.46595173085303,0.766765713461016,0.000932889389021764,0.310955128016499
cloglog,16000,25,1000,0.977,0.359,0.253,0.359,132.249603977519,47.0991476627568,-85.2339181918964,135.84350197935,-85.3885602604045,3.87523699607227,1.38864003063894,0.987138998647197,0.398892955306585,0.28429613252774
cloglog,16000,50,1000,1,0.96,0.936,0.957,135.828559025396,93.2535516303689,-42.616349580278,138.673440174675,-42.6942799024321,5.53720069472005,3.76449329288554,0.999950360459167,0.982981777663085,0.964425820754042
loglog,1000,2,1000,0.081,0.014,0.059,0.007,4.8442842476074,-13.9333771488534,-20.0372305707286,3.89509124654118,-19.6878325945104,0.174193776116609,-0.624538168147798,0.0706915645998351,0.0116222553509231,0.0957444947592438
loglog,1000,5,1000,0.106,0.053,0.045,0.038,7.43059433057899,-0.125638180903545,-8.00219712879254,6.23214598092638,-7.87513303755982,0.348387551476337,-0.0888023589038306,0.0974074802261835,0.0414895702008737,0.050903825132678
loglog,1000,10,1000,0.137,0.094,0.065,0.075,7.28403199216539,3.49441010422128,-4.00286594798042,7.01116420782242,-3.9375665181114,0.522581325670147,0.225623551932714,0.13087333972574,0.0779159752624774,0.0558517463652541
loglog,1000,25,1000,0.22,0.172,0.109,0.145,7.24386475791765,5.73420467882976,-1.59249779171877,7.47857512464708,-1.57502660664791,0.853371727867962,0.669767230502511,0.214331417382585,0.164758702945737,0.102763796475002
loglog,1000,50,1000,0.301,0.271,0.194,0.245,7.08542669423071,6.33710294082214,-0.789168070972633,7.63437876234157,-0.787513301680775,1.21935641989832,1.09047677818827,0.335237128595777,0.289660483405459,0.193432880124353
loglog,4000,2,1000,0.088,0.001,0.215,0,14.7991729396785,-62.4168847434191,-78.476307368239,15.5803649861647,-78.7513303780414,0.348387552233219,-1.2490763362956,0.0974074803564856,0.00190226505891261,0.239242824438647
loglog,4000,5,1000,0.178,0.034,0.048,0.024,24.8413668507714,-6.10375282885981,-31.3915537753569,24.9285839237055,-31.5005321502393,0.696775102952675,-0.177604717807661,0.171544740210617,0.0341927343456987,0.0536212138615127
loglog,4000,10,1000,0.259,0.115,0.083,0.105,26.9563577232824,11.4777294131821,-15.6922021787648,28.0446568312897,-15.7502660724456,1.04516265134029,0.451247103865428,0.274356101824766,0.116315960570743,0.0736353964957214
loglog,4000,25,1000,0.477,0.371,0.277,0.333,29.5707622491335,23.3772530570591,-6.27661747596275,29.9143004985883,-6.30010642659166,1.70674345573592,1.33953446100502,0.524674716287344,0.380061540045829,0.267971808859709
loglog,4000,50,1000,0.708,0.63,0.514,0.6,29.8376262143915,26.7419866601464,-3.13678209023238,30.5375150493663,-3.1500532067231,2.43871283979664,2.18095355637654,0.786361301685464,0.7040552555478,0.587467019600856
loglog,16000,2,1000,0.188,0,0.683,0,65.827810962101,-247.442619649592,-314.530711774916,62.3214599446588,-315.005321512166,0.696775104466437,-2.49815267259119,0.171544740595904,1.71391262883047e-05,0.704780739755365
loglog,16000,5,1000,0.406,0.026,0.063,0.02,101.840450903719,-23.5247615022664,-125.811764836803,99.7143356948221,-126.002128600957,1.39355020590535,-0.355209435615323,0.400789765203642,0.0227467273539564,0.0645756376527282
loglog,16000,10,1000,0.649,0.224,0.145,0.197,111.43703168639,48.7424347272236,-62.9082923172009,112.178627325159,-63.0010642897824,2.09032530268059,0.902494207730856,0.672010537780618,0.228934799859508,0.147250464076318
loglog,16000,25,1000,0.946,0.822,0.74,0.812,120.21023411739,95.1319934985942,-25.1614107089139,119.657201994353,-25.2004257063666,3.41348691147185,2.67906892201005,0.961522453782723,0.849482237326283,0.763963617539859
loglog,16000,50,1000,0.997,0.992,0.979,0.99,121.647460865621,109.108134748569,-12.5805229549395,122.150060197465,-12.6002128268924,4.87742567959327,4.36190711275309,0.999386594033317,0.996706701866521,0.991845878311201
quadneg,1000,2,1000,0.103,0.193,0.141,0.071,6.22465872744437,16.8523751577022,9.36336225784824,7.08612256780079,9.52133902062195,0.316901035169959,0.732265295577198,0.0920968845069463,0.180729546777525,0.113328856003797
quadneg,1000,5,1000,0.18,0.241,0.177,0.182,10.9050658835149,15.1014493886033,3.74712249005317,11.3392444741394,3.80853563710037,0.633883036441614,0.843762359040191,0.156015252960832,0.211539405503743,0.13469370748441
quadneg,1000,10,1000,0.253,0.297,0.212,0.254,12.2194954246444,14.3035226933175,1.86896275544794,12.7546780834754,1.9042677729943,0.950677574192592,1.09087380331017,0.243785904287172,0.289796327003032,0.193539922530664
quadneg,1000,25,1000,0.411,0.434,0.362,0.409,13.2548980234846,14.0847842135198,0.746304598638745,13.6054032866029,0.761707122644887,1.55249714250569,1.63843444609016,0.463207405993364,0.497439134936009,0.37406465701778
quadneg,1000,50,1000,0.578,0.593,0.509,0.567,13.1775005891065,13.5861333467987,0.36741788097019,13.8884641184102,0.380853542444178,2.21825356227371,2.27841541229576,0.716813032951552,0.736816576560013,0.624939990303972
quadneg,4000,2,1000,0.155,0.442,0.329,0.221,26.5980538904903,66.7484888587601,38.8852626186205,28.3444902712032,38.0853560824878,0.633802070339917,1.4645305911544,0.155995877248485,0.428449486067241,0.310455085929865
quadneg,4000,5,1000,0.354,0.508,0.399,0.432,45.4466767504788,61.4499000045082,15.5535721611347,45.3569778965576,15.2341425484015,1.26776607288323,1.68752471808038,0.353054270041348,0.517018137745546,0.392774549893172
quadneg,4000,10,1000,0.575,0.675,0.571,0.637,51.4679574184102,59.4593176372876,7.77596627590007,51.0187123339016,7.61707109197719,1.90135514838518,2.18174760662034,0.601218197102571,0.704329575105432,0.587776071353287
quadneg,4000,25,1000,0.86,0.893,0.837,0.876,54.1181540429871,57.312925427242,3.11090387871859,54.4216131464114,3.04682849057955,3.10499428501138,3.27686889218032,0.92787428979331,0.94866186478208,0.906064831045351
quadneg,4000,50,1000,0.969,0.975,0.959,0.97,55.5885068694679,57.1835159701229,1.5534876895981,55.5538564736409,1.52341416977671,4.43650712454742,4.55683082459152,0.997378026073411,0.998204255738185,0.995296080653651
quadneg,16000,2,1000,0.349,0.874,0.809,0.718,110.684110052875,265.011609867766,153.062061070362,113.377961084813,152.341424329951,1.26760414067983,2.92906118230879,0.352994103815069,0.900465328844591,0.833752158820514
quadneg,16000,5,1000,0.789,0.937,0.903,0.915,181.436206999769,243.111656178953,61.2255982307942,181.42791158623,60.936570193606,2.53553214576646,3.37504943616076,0.81344916892479,0.958202351574264,0.921478326157561
quadneg,16000,10,1000,0.964,0.987,0.975,0.985,202.44639412557,233.274700383286,30.6127944922576,204.074849335607,30.4682843679088,3.80271029677037,4.36349521324068,0.984530511370953,0.996722470274486,0.991881210092386
quadneg,16000,25,1000,1,1,1,1,218.837637898909,231.165432176794,12.2438547690916,217.686452585646,12.1873139623182,6.20998857002276,6.55373778436064,0.999997504134303,0.999999542019697,0.999997823493879
quadneg,16000,50,1000,1,1,1,1,222.399441332269,228.562708276554,6.12168084064727,222.215425894563,6.09365667910685,8.87301424909484,9.11366164918304,0.999999999999755,0.99999999999996,0.999999999999578
quadpos,1000,2,1000,0.101,0.08,0.055,0.014,7.6973082989369,5.20548575160622,-3.757795443591,6.76391573788115,-3.72164764353486,0.302491507679658,0.13497619438132,0.0897393054369244,0.0655373510503814,0.0520895912362773
quadpos,1000,5,1000,0.159,0.153,0.102,0.108,11.0619104324488,10.01039408807,-1.50144312880923,10.8203093447774,-1.48865903302456,0.604873680812462,0.520612358369714,0.149174608831401,0.130455343217947,0.081583969874169
quadpos,1000,10,1000,0.253,0.244,0.162,0.201,12.2218194316537,11.6895324373926,-0.747724609039645,12.1761844319007,-0.744329519936007,0.907559203210157,0.851321894135015,0.230471661269353,0.213734044305484,0.136259502547503
quadpos,1000,25,1000,0.411,0.4,0.313,0.365,12.8001532631328,12.5822831401701,-0.301608653735761,12.988791315609,-0.297731801474551,1.48213624964297,1.44767874049159,0.435370482113664,0.42184534126064,0.304553328612882
quadpos,1000,50,1000,0.562,0.556,0.468,0.524,12.763297757008,12.651302725567,-0.153281359037372,13.2595187459225,-0.148865915666403,2.11779894748682,2.09367956965211,0.681873904878688,0.673221388663083,0.553211472663722
quadpos,4000,2,1000,0.148,0.094,0.061,0.018,28.0314604583801,14.782986675694,-14.514557142352,27.0556629515246,-14.8865905741394,0.604983015359316,0.26995238876264,0.149200008892842,0.0845810326829296,0.0583893657129054
quadpos,4000,5,1000,0.33,0.27,0.187,0.203,42.1275502483527,36.7742364561574,-5.8036728958311,43.2812373791096,-5.95463613209825,1.20974736162492,1.04122471673943,0.331742647956575,0.273045193749904,0.180460621963538
quadpos,4000,10,1000,0.545,0.509,0.406,0.466,47.7058928408314,45.0184138958973,-2.9032923591666,48.704737727603,-2.97731807974403,1.81511840642031,1.70264378827003,0.567599045652421,0.523042112393584,0.398590631770195
quadpos,4000,25,1000,0.857,0.842,0.756,0.824,50.8639105246329,49.7871980012784,-1.16074653987999,51.9551652624361,-1.19092720589821,2.96427249928595,2.89535748098319,0.906485442060825,0.894442225832823,0.825207827309566
quadpos,4000,50,1000,0.961,0.958,0.928,0.949,51.8391902432174,51.2984775178062,-0.582317690715888,53.0380749836899,-0.595463662665612,4.23559789497363,4.18735913930421,0.995211568549759,0.994496956742686,0.987039562411393
quadpos,16000,2,1000,0.348,0.154,0.097,0.044,108.612384208577,50.5851356406803,-59.2938284480274,108.222651806098,-59.5463622965578,1.20996603071863,0.539904777525279,0.331822009181649,0.134590876883199,0.0840071885523727
quadpos,16000,5,1000,0.748,0.636,0.527,0.562,169.228281657094,145.961269688801,-23.7175364728082,173.124949516438,-23.818544528393,2.41949472324985,2.08244943347886,0.780724116870807,0.669160344193516,0.548769167282835
quadpos,16000,10,1000,0.958,0.946,0.904,0.935,191.623876111219,179.980753496733,-11.8590214918319,194.818950910412,-11.9092723189761,3.63023681284063,3.40528757654006,0.976449072384817,0.960832871333355,0.925816533321653
quadpos,16000,25,1000,0.999,0.999,0.999,0.999,205.833244018662,201.174133951292,-4.74321661865862,207.820661049745,-4.76370882359282,5.92854499857189,5.79071496196637,0.999990809107521,0.999983073066651,0.999936123625139
quadpos,16000,50,1000,1,1,1,1,209.534521067335,207.2044053192,-2.37178822065037,212.15229993476,-2.38185465066245,8.47119578994726,8.37471827860843,0.999999999995645,0.999999999991509,0.999999999929475
