design,truth,A,event_rate
D1,cloglog,-1.31387307493957,0.672452453864671
D1,loglog,-0.373305382317694,0.444005200790499
D1,probit,-0.187164314534024,0.56373420105522
D1,quad,-0.283311612121737,0.622963279805305
D1,inter,-0.00313219449976857,0.535149841725102
D2,cloglog,0.148643210698375,0.116109991456125
D2,loglog,-6.56984964676217,0.0137743400824951
D2,probit,-3.15978811386755,0.0390585876161705
D2,quad,2.24803447900601,0.158267695311281
D2,inter,2.56500563984852,0.141320860553196
D3,cloglog,-0.534770580282899,0.580661107952987
D3,loglog,-0.187326395446818,0.335629197105642
D3,probit,-0.0689517978133098,0.454118722974565
D3,quad,-0.0601477300936385,0.49284218239464
D3,inter,-0.00611956620994785,0.464914117811147
D4,cloglog,-1.64014740978727,0.600561103102452
D4,loglog,0.868702517146217,0.482269193656476
D4,probit,-3.79779432107328,0.541796201685881
D4,quad,-0.472620440246355,0.561204713392343
D4,inter,0.188706314119841,0.531721962699495
D5,cloglog,-0.721625335868967,0.688223709523203
D5,loglog,-0.16245312447979,0.444245455763864
D5,probit,-0.068637835682307,0.572273210022728
D5,quad,-0.0192580853086858,0.581314533866468
D5,inter,-0.0348549099741364,0.545809860041151
