design,truth,n,HL,EF,T,EF_gain,T_gain
D1,cloglog,200,0.05,0.079,0.0775,0.029,0.0275
D1,loglog,200,0.0805,0.091,0.092,0.0105,0.0115
D1,probit,200,0.0475,0.0505,0.058,0.003,0.0105
D1,quad,200,0.1685,0.1885,0.1785,0.02,0.00999999999999998
D1,inter,200,0.0655,0.065,0.069,-5e-04,0.0035
D1,cloglog,500,0.152,0.2335,0.2255,0.0815,0.0735
D1,loglog,500,0.18,0.1995,0.1925,0.0195,0.0125
D1,probit,500,0.0455,0.055,0.054,0.0095,0.0085
D1,quad,500,0.4715,0.4875,0.4825,0.016,0.011
D1,inter,500,0.0665,0.0705,0.0705,0.00399999999999999,0.00399999999999999
D1,cloglog,1000,0.419,0.5165,0.511,0.0975,0.092
D1,loglog,1000,0.422,0.4495,0.4455,0.0275,0.0235
D1,probit,1000,0.06,0.0665,0.068,0.00650000000000001,0.00800000000000001
D1,quad,1000,0.8375,0.843,0.8405,0.00549999999999995,0.003
D1,inter,1000,0.09,0.09,0.095,0,0.005
D1,cloglog,2000,0.8735,0.912,0.912,0.0385,0.0385
D1,loglog,2000,0.82,0.8315,0.832,0.0115000000000001,0.012
D1,probit,2000,0.078,0.0815,0.082,0.0035,0.004
D1,quad,2000,0.996,0.996,0.996,0,0
D1,inter,2000,0.154,0.1535,0.1555,-5e-04,0.0015
D3,cloglog,200,0.047,0.063,0.059,0.016,0.012
D3,loglog,200,0.0575,0.066,0.0665,0.0085,0.009
D3,probit,200,0.044,0.044,0.053,0,0.009
D3,quad,200,0.0495,0.0545,0.051,0.005,0.00149999999999999
D3,inter,200,0.049,0.0545,0.0515,0.0055,0.0025
D3,cloglog,500,0.093,0.1185,0.1095,0.0255,0.0165
D3,loglog,500,0.1205,0.1315,0.129,0.011,0.00850000000000001
D3,probit,500,0.059,0.0615,0.0635,0.0025,0.0045
D3,quad,500,0.077,0.082,0.078,0.005,0.001
D3,inter,500,0.0755,0.077,0.077,0.0015,0.0015
D3,cloglog,1000,0.1325,0.161,0.1555,0.0285,0.023
D3,loglog,1000,0.199,0.2125,0.209,0.0135,0.00999999999999998
D3,probit,1000,0.046,0.0515,0.0515,0.0055,0.0055
D3,quad,1000,0.0875,0.093,0.0915,0.00550000000000001,0.004
D3,inter,1000,0.075,0.0785,0.0745,0.0035,-5e-04
D3,cloglog,2000,0.3445,0.3865,0.385,0.042,0.0405
D3,loglog,2000,0.4865,0.4995,0.4985,0.013,0.012
D3,probit,2000,0.0535,0.058,0.059,0.0045,0.0055
D3,quad,2000,0.1595,0.162,0.1635,0.0025,0.004
D3,inter,2000,0.1425,0.1425,0.143,0,5e-04
D4,cloglog,200,0.0615,0.0685,0.0635,0.00700000000000001,0.002
D4,loglog,200,0.1195,0.0765,0.133,-0.043,0.0135
D4,probit,200,0.0175,0.0215,0.022,0.004,0.0045
D4,quad,200,0.0465,0.07,0.0335,0.0235,-0.013
D4,inter,200,0.07,0.0465,0.0815,-0.0235,0.0115
D4,cloglog,500,0.157,0.218,0.1665,0.061,0.00950000000000001
D4,loglog,500,0.2905,0.254,0.3315,-0.0365,0.041
D4,probit,500,0.0145,0.027,0.024,0.0125,0.0095
D4,quad,500,0.127,0.1535,0.1025,0.0265,-0.0245
D4,inter,500,0.0755,0.054,0.0905,-0.0215,0.015
D4,cloglog,1000,0.3955,0.4885,0.424,0.093,0.0285
D4,loglog,1000,0.529,0.5095,0.5645,-0.0195000000000001,0.0355
D4,probit,1000,0.01,0.0395,0.032,0.0295,0.022
D4,quad,1000,0.245,0.255,0.2195,0.01,-0.0255
D4,inter,1000,0.054,0.046,0.066,-0.008,0.012
D4,cloglog,2000,0.8365,0.9125,0.8855,0.076,0.0489999999999999
D4,loglog,2000,0.914,0.922,0.918,0.00800000000000001,0.004
D4,probit,2000,0.019,0.0705,0.056,0.0515,0.037
D4,quad,2000,0.577,0.5965,0.546,0.0195000000000001,-0.0309999999999999
D4,inter,2000,0.0635,0.049,0.067,-0.0145,0.0035
