side,lam,mu,s,events,A,gain_n1000,power_HL
cloglog,0,-2,0.5,0.139446302723838,0.038399895713588,-0.00124723153853368,0.0505986263134041
cloglog,0,-2,1,0.176114329475608,0.28585869240532,-0.0103305555811804,0.0650319689786669
cloglog,0,-2,2,0.265714069962617,2.19781019595945,-0.131902597913464,0.30250746390669
cloglog,0,-1,0.5,0.325637621202161,0.0807796318007783,-0.00278410799378569,0.0581606352511635
cloglog,0,-1,1,0.364936330168454,0.221172635732155,-0.0114974328940945,0.165618581168618
cloglog,0,-1,2,0.41700839106647,0.927637576025275,-0.0533004633416936,0.497905649813731
cloglog,0,0,0.5,0.630297128804901,-0.0769049693296258,0.00333467147346479,0.101079510419921
cloglog,0,0,1,0.618606614882369,-0.584000135197483,0.0353714600039536,0.382022571915254
cloglog,0,0,2,0.58878008883405,-1.043312786529,0.0538985514723199,0.59755461030042
cloglog,0,1,0.5,0.902286882083676,-1.16398739041235,0.055448005235629,0.129035604272733
cloglog,0,1,1,0.843130753924915,-2.77164702706413,0.16800289780192,0.34495180417833
cloglog,0,1,2,0.745474606375583,-3.34321933094829,0.183630817663146,0.547205395486424
cloglog,0,2,0.5,0.992607625326701,-4.85442148605078,0.169160094306365,0.0596842264873383
cloglog,0,2,1,0.961157012320117,-5.85057713944812,0.274454454166517,0.123832083708268
cloglog,0,2,2,0.864677981682263,-5.57273185079849,0.337074176273125,0.329937829285019
cloglog,0.25,-2,0.5,0.136506489728754,0.0235880684288172,-0.000764589365622666,0.0503582603310021
cloglog,0.25,-2,1,0.170482396751842,0.138567538490654,-0.0047027894471048,0.0560934834530703
cloglog,0.25,-2,2,0.253648820458366,1.39336649081329,-0.0691592196376937,0.144567419700575
cloglog,0.25,-1,0.5,0.312344705098109,0.0388024575394633,-0.00128954299255418,0.0533962025097774
cloglog,0.25,-1,1,0.345703159939973,0.111828500507773,-0.00454365334596869,0.0860755303773577
cloglog,0.25,-1,2,0.401485571139105,0.529278400130674,-0.030595246442234,0.242651209713401
cloglog,0.25,0,0.5,0.589833428749486,0.0245993090658246,-0.000887644285831283,0.0648002747062493
cloglog,0.25,0,1,0.58389661628333,-0.173703135721774,0.008831675008041,0.154965796472081
cloglog,0.25,0,2,0.562942765211761,-0.566037374589412,0.0341716247318618,0.321178222236416
cloglog,0.25,1,0.5,0.851305129058507,-0.270229955564134,0.0100512891422099,0.069624756536714
cloglog,0.25,1,1,0.805429715576466,-1.10692390903741,0.0571748507951165,0.162424633984779
cloglog,0.25,1,2,0.720841481113061,-2.26336400477202,0.136120685097111,0.308281728741033
cloglog,0.25,2,0.5,0.973191964106448,-0.622823818513832,0.0210553164696932,0.0555810394239521
cloglog,0.25,2,1,0.938221732677579,-2.6372426133329,0.110350277836493,0.0925049663434877
cloglog,0.25,2,2,0.845805270496946,-4.22407633850844,0.235664744985694,0.209776495369043
cloglog,0.5,-2,0.5,0.133923691778535,-0.0155748227206012,0.000510670254908837,0.0517322259871447
cloglog,0.5,-2,1,0.164442741917066,0.19070379194026,-0.00629549579456089,0.0525643144924422
cloglog,0.5,-2,2,0.243873093754147,0.691291762116143,-0.0270484166474747,0.0785741231618434
cloglog,0.5,-1,0.5,0.299940557102581,-0.0114318216661329,0.00037262943519467,0.0510227373535048
cloglog,0.5,-1,1,0.330111050648797,0.0710554870943623,-0.00248628579643514,0.0602667974876371
cloglog,0.5,-1,2,0.382196392939109,0.35173341536595,-0.0156524379755099,0.107942680959416
cloglog,0.5,0,0.5,0.554674205777411,0.0121830630478209,-0.000405096361610659,0.0534612362496214
cloglog,0.5,0,1,0.551793503494172,-0.0846892941563914,0.00325748363500265,0.0754171474740377
cloglog,0.5,0,2,0.541389531061761,-0.259850011970802,0.0125014806580059,0.13255389613796
cloglog,0.5,1,0.5,0.803578134588221,-0.057057585411376,0.00190730838929624,0.0541315126218439
cloglog,0.5,1,1,0.766847965317312,-0.464631329803892,0.0182507911080407,0.0793142248051518
cloglog,0.5,1,2,0.697146891429477,-1.24178171158097,0.059969733536104,0.133937629414431
cloglog,0.5,2,0.5,0.942496081852439,0.0241260499011775,-0.000790795877684838,0.0516933101762042
cloglog,0.5,2,1,0.908985960312735,-0.945215824978053,0.034023228626563,0.0644238331484555
cloglog,0.5,2,2,0.823069859679456,-2.23894746399857,0.100385909072162,0.110036712911796
cloglog,0.75,-2,0.5,0.131334109556943,-0.0302411402755016,0.00097837560497506,0.0501333138709932
cloglog,0.75,-2,1,0.159780293051415,-0.0588362136748819,0.00191976502695943,0.0511446438938237
cloglog,0.75,-2,2,0.23388619228003,0.39595795143534,-0.0134129861176478,0.0558460551487317
cloglog,0.75,-1,0.5,0.28882650510723,0.00132827877020633,-4.30546509715751e-05,0.0503568907338646
cloglog,0.75,-1,1,0.315639690870657,0.043523019641526,-0.00143830974919788,0.0526959214812075
cloglog,0.75,-1,2,0.367023130203172,0.112841141337353,-0.00394953437332326,0.0603076314930893
cloglog,0.75,0,0.5,0.525221131543659,-0.012874021428752,0.000419588388001343,0.0510082693319439
cloglog,0.75,0,1,0.524145802559546,0.0192519184602372,-0.000644155665986994,0.054251378525611
cloglog,0.75,0,2,0.519713140004035,-0.0552697161559101,0.00198341410446938,0.0639638393621697
cloglog,0.75,1,0.5,0.759882017264352,-0.0435206613223046,0.00141475771758393,0.0506997702810352
cloglog,0.75,1,1,0.73130400122893,-0.0656542250327111,0.00220382395377524,0.0546626542878902
cloglog,0.75,1,2,0.673132393212881,-0.401676119275114,0.0144559136275319,0.0643975687024241
cloglog,0.75,2,0.5,0.906973810941188,0.0727281836188331,-0.0023592335254962,0.0504487767732104
cloglog,0.75,2,1,0.877098891357797,-0.293468770671452,0.00972172642823892,0.0529951964802513
cloglog,0.75,2,2,0.798665136878215,-0.791933292782721,0.0279381687289057,0.0614397398314654
loglog,0,-2,0.5,0.00741910845653475,-4.85385989471829,0.169790941529187,0.0602256175622879
loglog,0,-2,1,0.0391333846666636,-6.00484335628033,0.279107885737047,0.120844540378251
loglog,0,-2,2,0.136609070389232,-5.57004772578343,0.337020705295897,0.33168733660131
loglog,0,-1,0.5,0.0981339461389948,-0.979970319014562,0.0470400058960287,0.131737081782369
loglog,0,-1,1,0.157104382212677,-2.77328348791438,0.168062023101557,0.342579011239127
loglog,0,-1,2,0.255180118739764,-3.38210065385953,0.187076412094932,0.540437037625679
loglog,0,0,0.5,0.370076233099049,-0.127606426949343,0.00557065670800075,0.102813436778827
loglog,0,0,1,0.381400251342154,-0.552539528633193,0.033460481129603,0.383235201911428
loglog,0,0,2,0.411247787288808,-0.970647284106523,0.0497314628819302,0.603446196474342
loglog,0,1,0.5,0.673919772189724,-0.000423942399639432,1.46023888784796e-05,0.0580766098142589
loglog,0,1,1,0.635836581732602,0.275955964198295,-0.014324382772577,0.164882565127161
loglog,0,1,2,0.580466600588326,1.15904034858837,-0.0658593166959421,0.511614460141947
loglog,0,2,0.5,0.860864982799232,-0.0144061523482288,0.000467910708127338,0.0505980634851664
loglog,0,2,1,0.823277391817389,0.292912666249846,-0.0106028090057199,0.0652838229086873
loglog,0,2,2,0.733867283079271,2.23929831929557,-0.134451614167013,0.303669132333658
loglog,0.25,-2,0.5,0.026953547903467,-0.617716478654675,0.0208930838509815,0.055646221925184
loglog,0.25,-2,1,0.0619874029613983,-2.79137262389123,0.118019329791382,0.0949111462427106
loglog,0.25,-2,2,0.15509756987989,-4.15254266950841,0.232212882713036,0.211616681946892
loglog,0.25,-1,0.5,0.148550337605484,-0.197227543928814,0.00732176285241348,0.069305773365544
loglog,0.25,-1,1,0.195345513590151,-1.1201221905216,0.0576943990934524,0.161056465842236
loglog,0.25,-1,2,0.27873421343867,-2.31672443385333,0.139131436353653,0.304268592089219
loglog,0.25,0,0.5,0.410881444587066,0.0122391738494995,-0.000441917113094373,0.0648964380527014
loglog,0.25,0,1,0.416837950259013,-0.156393098166055,0.0079651624957657,0.155746847424833
loglog,0.25,0,2,0.434613527940779,-0.725628192652956,0.0437200284178078,0.314014032262381
loglog,0.25,1,0.5,0.68788109633407,0.0115270429100593,-0.000381055861490551,0.0527350385466917
loglog,0.25,1,1,0.654654709873528,0.186634793844114,-0.00761319746448948,0.0869111511873107
loglog,0.25,1,2,0.599818811848195,0.680873333084916,-0.0395471679025242,0.248149604996656
loglog,0.25,2,0.5,0.863458982012287,-0.0250281955990066,0.000811155055877367,0.0503415169708925
loglog,0.25,2,1,0.830255123955672,0.18980959049154,-0.00645173706228037,0.0562953884092772
loglog,0.25,2,2,0.746069913372684,1.48071295700866,-0.0736966683401027,0.145699755519401
loglog,0.5,-2,0.5,0.057113681193117,-0.11012827059774,0.00360248174245097,0.0514494304080041
loglog,0.5,-2,1,0.0909535787477566,-0.83125163216624,0.0298378016526367,0.0640014422585226
loglog,0.5,-2,2,0.177274003126302,-2.34999976312488,0.104724974812699,0.108333184015333
loglog,0.5,-1,0.5,0.196537227017589,-0.0488598482675817,0.00163109742114777,0.0539621839697856
loglog,0.5,-1,1,0.233655889464417,-0.409564115932588,0.0160712735126355,0.0791189866546105
loglog,0.5,-1,2,0.303800561801946,-1.24120815859176,0.0597662680292182,0.132865127622824
loglog,0.5,0,0.5,0.444213796144142,0.0100620466156115,-0.000334443502308686,0.0534134722912908
loglog,0.5,0,1,0.44723044807713,-0.0561601547739301,0.00216041584799998,0.0754401378856612
loglog,0.5,0,2,0.457963455702612,-0.151057550519542,0.00731886526032702,0.135141448449684
loglog,0.5,1,0.5,0.699503077939317,0.0112897318976731,-0.000367498805543966,0.0508604911731321
loglog,0.5,1,1,0.669732711478301,0.120191501435344,-0.00422249969977909,0.0608386092904625
loglog,0.5,1,2,0.617769499089622,0.379121325332338,-0.016870629930469,0.107932988627273
loglog,0.5,2,0.5,0.866334201632608,0.0347495673346776,-0.00112432893781086,0.0501432132666355
loglog,0.5,2,1,0.835691642072998,0.0272605017067291,-0.000897164286610602,0.0521872285939247
loglog,0.5,2,2,0.755946150251508,0.986849470686369,-0.0390229507236904,0.0805987262075657
loglog,0.75,-2,0.5,0.0927545224519107,0.105064878258542,-0.00341548796047877,0.0507021296353795
loglog,0.75,-2,1,0.122842663190648,-0.260140834835903,0.00858754346624678,0.0525614201746234
loglog,0.75,-2,2,0.200831577680968,-0.641262681700597,0.0225848607883091,0.0611977185366397
loglog,0.75,-1,0.5,0.240546347330164,-0.00831856660220159,0.000271819380192559,0.0513186455659107
loglog,0.75,-1,1,0.269270953133683,-0.069277843032845,0.00232022868124247,0.054374547705245
loglog,0.75,-1,2,0.326992359677619,-0.281971842690646,0.0102249750583011,0.0655592657336381
loglog,0.75,0,0.5,0.474138223585677,0.0261075426421641,-0.000852532992292361,0.0512392008883016
loglog,0.75,0,1,0.475186961328852,-0.0423648147120926,0.00141732081302186,0.0542355589733477
loglog,0.75,0,2,0.479477902291231,0.00671262270453863,-0.000241455399316112,0.0643189040202237
loglog,0.75,1,0.5,0.710644232286508,-0.0339856571200503,0.00110359887687616,0.0505708917119944
loglog,0.75,1,1,0.683966576338028,-0.00899296102042626,0.000295483781603321,0.0519881956165528
loglog,0.75,1,2,0.631416259792146,0.0769615165368293,-0.00268897057426808,0.0600578528023759
loglog,0.75,2,0.5,0.868820960942981,0.0224123068005096,-0.000724814219375368,0.0500880049023717
loglog,0.75,2,1,0.8398351669872,-0.00567227201275727,0.000184069866052778,0.050491721440547
loglog,0.75,2,2,0.766503354181446,0.370940740509846,-0.0124969388948537,0.0551329339700731
