design,n,min_expected,size_EF,size_HL
D4,100,0.0754597800558345,0.028,0.0635
D2,100,0.109762384600547,0.0335167583791896,0.0470235117558779
D4,200,0.162150367511046,0.0445,0.063
D2,200,0.246560606387911,0.0365,0.043
D4,500,0.41520709517625,0.034,0.0425
D2,500,0.598689030162394,0.0525,0.055
D4,1000,0.880642327821988,0.048,0.0455
D5,100,1.06911218375535,0.05,0.049
D1,100,1.14282298123791,0.0445,0.0465
D3,100,1.34427157834179,0.042,0.04
D2,1000,1.3582365885994,0.049,0.049
D1,200,2.46696554030983,0.044,0.045
D3,200,2.71794215025101,0.0465,0.047
D5,200,2.74753102749456,0.05,0.0515
D4,5000,4.30087473459841,0.051,0.0495
D1,500,6.02932812322176,0.043,0.044
D3,500,6.78581884382346,0.0355,0.037
D2,5000,7.11902593012204,0.047,0.048
D5,500,7.28807320492927,0.0445,0.0455
D1,1000,12.577813469503,0.043,0.044
D3,1000,13.6236623510391,0.051,0.051
D5,1000,14.9989618664033,0.0495,0.0505
D1,5000,62.4510130483381,0.0465,0.0475
D3,5000,69.613379140544,0.047,0.047
D5,5000,77.9388967729859,0.047,0.0465
