design,truth,shift,event_rate
D1,logit,0,0.549312081036307
D1,cloglog,-0.528687920492244,0.549312081036307
D1,loglog,0.437503684091606,0.549312081036307
D1,probit,-0.0569184931957983,0.549312081036307
D1,quad,-0.374332386750911,0.549312081036307
D1,inter,0.0837327915154718,0.549312081036307
D2,logit,0,0.105707001331021
D2,cloglog,-0.105913897935591,0.105707001331021
D2,loglog,1.09815034064854,0.105707001331021
D2,probit,0.686668824139433,0.105707001331021
D2,quad,-0.568241084145561,0.105707001331021
D2,inter,-0.431799624117323,0.105707001331021
D3,logit,0,0.475812706013424
D3,cloglog,-0.380154347667475,0.475812706013424
D3,loglog,0.478657110772221,0.475812706013424
D3,probit,0.0703752764476981,0.475812706013424
D3,quad,-0.0799716485479252,0.475812706013424
D3,inter,0.0531330227362451,0.475812706013424
D4,logit,0,0.541034270434081
D4,cloglog,-0.576649029994327,0.541034270434081
D4,loglog,0.566233623927018,0.541034270434081
D4,probit,-0.00730664106016264,0.541034270434081
D4,quad,-0.186516713325193,0.541034270434081
D4,inter,0.102612554706992,0.541034270434081
D5,logit,0,0.55146678965689
D5,cloglog,-0.491382627035566,0.55146678965689
D5,loglog,0.385127131325524,0.55146678965689
D5,probit,-0.0689857056455062,0.55146678965689
D5,quad,-0.140526813809244,0.55146678965689
D5,inter,0.0269781412499538,0.55146678965689
