design,truth,n,tau,k,mult,B,G_paul,raw_p_HL_chisq_P,adj_p_HL_chisq_P,raw_p_EF_chisq_P,adj_p_EF_chisq_P,raw_p_HL_norm_P,adj_p_HL_norm_P,raw_p_EF_norm_P,adj_p_EF_norm_P,raw_p_L_P,adj_p_L_P,raw_p_LW_P,adj_p_LW_P,raw_p_comb_P,adj_p_comb_P,raw_p_HL_chisq_25,adj_p_HL_chisq_25,raw_p_EF_chisq_25,adj_p_EF_chisq_25,raw_p_HL_norm_25,adj_p_HL_norm_25,raw_p_EF_norm_25,adj_p_EF_norm_25,raw_p_L_25,adj_p_L_25,raw_p_LW_25,adj_p_LW_25,raw_p_comb_25,adj_p_comb_25,raw_EF10,adj_EF10,raw_HL10,adj_HL10,raw_Stukel,adj_Stukel,raw_StukelW,adj_StukelW,A
D1,cloglog,2000,0,0,1,2000,34,0.4585,0.4545,0.508,0.5025,0.487,0.454,0.5355,0.5025,0.6175,0.6195,0.679,0.6885,0.802,0.755,0.229,0.228,0.291,0.291,0.252,0.2265,0.3235,0.291,0.6275,0.636,0.697,0.716,0.73,0.678,0.8095,0.791,0.798,0.774,0.969,0.968,0.9675,0.97,-0.330973127148485
D1,cloglog,5000,0,0,1,2000,202,0.4055,0.4215,0.5205,0.535,0.43,0.4175,0.5465,0.535,0.9705,0.976,0.9845,0.9875,0.9875,0.989,0.3955,0.401,0.5425,0.554,0.425,0.398,0.5755,0.554,0.9705,0.976,0.984,0.9885,0.9885,0.9875,0.9985,0.9985,0.9985,0.9985,1,1,1,1,-0.330973127148485
D1,cloglog,10000,0,0,1,2000,802,0.2845,0.3135,0.5355,0.5705,0.3125,0.3075,0.574,0.57,1,1,1,1,1,1,0.655,0.662,0.7995,0.803,0.677,0.659,0.8135,0.803,1,1,1,1,1,1,1,1,1,1,1,1,1,1,-0.330973127148485
D1,cloglog,20000,0,0,1,2000,3202,0.0505,0.061,0.4415,0.4815,0.0635,0.0595,0.516,0.4815,1,1,1,1,1,1,0.891,0.898,0.972,0.9735,0.899,0.897,0.9735,0.9735,1,1,1,1,1,1,1,1,1,1,1,1,1,1,-0.330973127148485
D1,logit,2000,0,0,1,2000,34,0.051,0.05,0.0515,0.05,0.061,0.05,0.0605,0.05,0.049,0.05,0.0455,0.05,0.072,0.05,0.05,0.05,0.0495,0.05,0.0625,0.05,0.0605,0.05,0.048,0.05,0.042,0.05,0.066,0.05,0.0555,0.05,0.0545,0.05,0.05,0.05,0.049,0.05,
D1,logit,5000,0,0,1,2000,202,0.045,0.05,0.0465,0.05,0.0535,0.05,0.054,0.05,0.043,0.05,0.04,0.05,0.0465,0.05,0.0465,0.05,0.046,0.05,0.055,0.05,0.055,0.05,0.0415,0.05,0.0445,0.05,0.0525,0.05,0.0495,0.05,0.0495,0.05,0.0525,0.05,0.0485,0.05,
D1,logit,10000,0,0,1,2000,802,0.0415,0.05,0.041,0.05,0.053,0.05,0.0515,0.05,0.0465,0.05,0.0505,0.05,0.049,0.05,0.049,0.05,0.048,0.05,0.0565,0.05,0.058,0.05,0.0465,0.05,0.0465,0.05,0.0525,0.05,0.05,0.05,0.05,0.05,0.047,0.05,0.0435,0.05,
D1,logit,20000,0,0,1,2000,3202,0.041,0.05,0.039,0.05,0.054,0.05,0.0535,0.05,0.0485,0.05,0.0495,0.05,0.052,0.05,0.0435,0.05,0.044,0.05,0.0515,0.05,0.0505,0.05,0.05,0.05,0.0515,0.05,0.0505,0.05,0.0435,0.05,0.0425,0.05,0.046,0.05,0.0455,0.05,
D1,loglog,2000,0,0,1,2000,34,0.315,0.314,0.302,0.2995,0.342,0.3135,0.3325,0.299,0.1245,0.1265,0.1465,0.1525,0.3245,0.278,0.204,0.2015,0.193,0.193,0.232,0.1995,0.212,0.1925,0.132,0.1355,0.1505,0.162,0.241,0.2085,0.5535,0.5255,0.5565,0.527,0.854,0.853,0.8505,0.854,0.10183546209484
D1,loglog,5000,0,0,1,2000,202,0.3565,0.375,0.3255,0.3475,0.384,0.3715,0.3585,0.3475,0.2155,0.2295,0.264,0.2865,0.431,0.4395,0.361,0.3675,0.328,0.341,0.3875,0.3655,0.3545,0.341,0.218,0.2385,0.2665,0.288,0.441,0.4325,0.966,0.9675,0.967,0.969,0.999,0.999,0.999,0.999,0.10183546209484
D1,loglog,10000,0,0,1,2000,802,0.384,0.4165,0.325,0.35,0.4165,0.4135,0.3505,0.35,0.3635,0.375,0.4525,0.445,0.57,0.576,0.584,0.589,0.5325,0.5415,0.6025,0.5865,0.562,0.541,0.374,0.382,0.4595,0.465,0.689,0.6765,1,1,1,1,1,1,1,1,0.10183546209484
D1,loglog,20000,0,0,1,2000,3202,0.426,0.461,0.289,0.3225,0.48,0.454,0.344,0.322,0.584,0.5905,0.6925,0.6965,0.7465,0.7405,0.8385,0.8455,0.791,0.805,0.851,0.845,0.8075,0.805,0.601,0.5955,0.7185,0.713,0.9295,0.929,1,1,1,1,1,1,1,1,0.10183546209484
D1,quad,2000,0,0,1,2000,34,0.96,0.9595,0.962,0.961,0.963,0.96,0.964,0.961,0.7945,0.795,0.86,0.868,0.989,0.9835,0.8335,0.831,0.846,0.846,0.8505,0.8315,0.8635,0.846,0.799,0.8045,0.879,0.885,0.966,0.9595,0.9965,0.996,0.9965,0.995,1,1,1,1,-0.122971589798346
D1,quad,5000,0,0,1,2000,202,0.9875,0.9885,0.9895,0.99,0.9895,0.9885,0.9915,0.99,0.993,0.9945,0.9975,0.998,1,1,0.991,0.9915,0.992,0.9925,0.992,0.9915,0.9935,0.9925,0.996,0.997,0.9975,0.9985,1,1,1,1,1,1,1,1,1,1,-0.122971589798346
D1,quad,10000,0,0,1,2000,802,0.9945,0.9955,0.997,0.997,0.9955,0.9955,0.997,0.997,1,1,1,1,1,1,1,1,1,1,1,1,1,1,1,1,1,1,1,1,1,1,1,1,1,1,1,1,-0.122971589798346
D1,quad,20000,0,0,1,2000,3202,0.991,0.9935,0.9985,0.9985,0.994,0.9935,0.999,0.9985,1,1,1,1,1,1,1,1,1,1,1,1,1,1,1,1,1,1,1,1,1,1,1,1,1,1,1,1,-0.122971589798346
D2,cloglog,2000,0,0,1,2000,34,0.051,0.057,0.0415,0.0465,0.059,0.0565,0.051,0.047,0.0595,0.067,0.0585,0.065,0.0595,0.049,0.0595,0.0575,0.0495,0.053,0.063,0.0575,0.057,0.053,0.056,0.06,0.0555,0.06,0.055,0.054,0.051,0.056,0.055,0.062,0.0625,0.0605,0.0595,0.0575,0.135954321202282
D2,cloglog,5000,0,0,1,2000,202,0.092,0.081,0.066,0.065,0.0945,0.079,0.072,0.065,0.087,0.092,0.0895,0.0885,0.098,0.088,0.0875,0.0695,0.056,0.059,0.089,0.0655,0.066,0.059,0.088,0.0935,0.0885,0.0925,0.092,0.0795,0.0605,0.067,0.067,0.0745,0.101,0.1025,0.1015,0.1005,0.135954321202282
D2,cloglog,10000,0,0,1,2000,528,0.0995,0.078,0.055,0.058,0.096,0.0735,0.063,0.058,0.109,0.106,0.1105,0.1095,0.099,0.0965,0.087,0.0775,0.056,0.059,0.0865,0.0735,0.0625,0.0595,0.1105,0.1075,0.1125,0.107,0.1005,0.084,0.0845,0.0835,0.091,0.0905,0.1295,0.1275,0.1315,0.1255,0.135954321202282
D2,cloglog,20000,0,0,1,2000,1057,0.114,0.103,0.0495,0.057,0.11,0.101,0.0605,0.057,0.1605,0.1615,0.1675,0.1615,0.144,0.1505,0.0965,0.093,0.056,0.0615,0.0955,0.091,0.0615,0.0615,0.1645,0.1575,0.1665,0.1665,0.145,0.1475,0.087,0.1025,0.0945,0.112,0.2125,0.2235,0.213,0.225,0.135954321202282
D2,logit,2000,0,0,1,2000,34,0.047,0.05,0.0445,0.05,0.0525,0.05,0.058,0.05,0.0445,0.05,0.0435,0.05,0.062,0.05,0.0505,0.05,0.0465,0.05,0.0545,0.05,0.053,0.05,0.044,0.05,0.045,0.05,0.052,0.05,0.0465,0.05,0.0435,0.05,0.052,0.05,0.052,0.05,
D2,logit,5000,0,0,1,2000,202,0.0565,0.05,0.0505,0.05,0.059,0.05,0.0575,0.05,0.0485,0.05,0.0505,0.05,0.057,0.05,0.059,0.05,0.049,0.05,0.0625,0.05,0.0565,0.05,0.048,0.05,0.047,0.05,0.0625,0.05,0.043,0.05,0.0425,0.05,0.0495,0.05,0.0525,0.05,
D2,logit,10000,0,0,1,2000,528.5,0.0595,0.05,0.047,0.05,0.0615,0.05,0.0555,0.05,0.052,0.05,0.05,0.05,0.055,0.05,0.058,0.05,0.0465,0.05,0.0595,0.05,0.055,0.05,0.052,0.05,0.052,0.05,0.06,0.05,0.05,0.05,0.05,0.05,0.0505,0.05,0.053,0.05,
D2,logit,20000,0,0,1,2000,1056,0.057,0.05,0.046,0.05,0.056,0.05,0.0525,0.05,0.0495,0.05,0.0515,0.05,0.0485,0.05,0.0555,0.05,0.0455,0.05,0.0555,0.05,0.0525,0.05,0.0525,0.05,0.05,0.05,0.0475,0.05,0.043,0.05,0.043,0.05,0.046,0.05,0.045,0.05,
D2,loglog,2000,0,0,1,2000,34,0.0035,0.0035,0.168,0.174,0,0,0.19,0.174,0,0,0.0015,0.003,0.1875,0.1515,0,0,0.082,0.0925,0,0,0.1055,0.0925,0,0,0.001,0.002,0.1025,0.093,0.377,0.4075,0.1365,0.1545,0.727,0.723,0.736,0.7255,-4.16853478197342
D2,loglog,5000,0,0,1,2000,202,0,0,0.16,0.158,0,0,0.1855,0.158,0.3175,0.355,0.4415,0.434,0.4875,0.4385,0,0,0.165,0.167,0,0,0.1885,0.1675,0.323,0.3665,0.4435,0.4875,0.493,0.4335,0.929,0.943,0.7475,0.776,0.997,0.997,0.9965,0.9965,-4.16853478197342
D2,loglog,10000,0,0,1,2000,529,0,0,0.2395,0.25,0,0,0.274,0.2505,0.9995,0.998,1,1,0.981,0.976,0,0,0.3275,0.339,0,0,0.3555,0.339,0.9995,0.9985,1,1,0.984,0.963,1,1,0.999,0.999,1,1,1,1,-4.16853478197342
D2,loglog,20000,0,0,1,2000,1057,0,0,0.459,0.4805,0,0,0.4895,0.4805,1,1,1,1,1,1,0,0,0.593,0.616,0,0,0.622,0.616,1,1,1,1,1,1,1,1,1,1,1,1,1,1,-4.16853478197342
D2,quad,2000,0,0,1,2000,34,0.774,0.781,0.5355,0.549,0.7755,0.773,0.559,0.5495,0.94,0.947,0.947,0.949,0.932,0.917,0.7705,0.767,0.3735,0.3815,0.7585,0.744,0.3905,0.381,0.9425,0.945,0.9475,0.949,0.923,0.9195,0.7705,0.7845,0.842,0.857,0.97,0.969,0.9695,0.9685,2.98067499496423
D2,quad,5000,0,0,1,2000,202,0.9815,0.9755,0.61,0.609,0.9765,0.9655,0.63,0.609,1,1,1,1,1,1,0.9795,0.972,0.608,0.6125,0.974,0.9655,0.6335,0.6125,1,1,1,1,1,1,0.9975,0.998,0.9985,0.9985,1,1,1,1,2.98067499496423
D2,quad,10000,0,0,1,2000,528,1,1,0.7415,0.7495,1,1,0.7585,0.7495,1,1,1,1,1,1,1,1,0.8225,0.8285,1,1,0.839,0.828,1,1,1,1,1,1,1,1,1,1,1,1,1,1,2.98067499496423
D2,quad,20000,0,0,1,2000,1056,1,1,0.924,0.928,1,1,0.929,0.928,1,1,1,1,1,1,1,1,0.975,0.978,1,1,0.978,0.978,1,1,1,1,1,1,1,1,1,1,1,1,1,1,2.98067499496423
D4,cloglog,2000,0,0,1,2000,34,0.6295,0.621,0.654,0.6665,0.467,0.4515,0.678,0.6665,0.0395,0.043,0.0295,0.0295,0.553,0.52,0.446,0.4,0.4055,0.42,0.2215,0.1975,0.4375,0.4195,0.035,0.0375,0.0265,0.0265,0.32,0.301,0.926,0.924,0.8995,0.885,0.998,0.9975,0.998,0.998,0.0902602512491695
D4,cloglog,5000,0,0,1,2000,202,0.7055,0.677,0.712,0.7265,0.398,0.3865,0.732,0.7265,0.034,0.037,0.0235,0.023,0.603,0.5705,0.696,0.6625,0.7085,0.705,0.395,0.3825,0.7385,0.705,0.034,0.035,0.022,0.022,0.6035,0.582,1,1,1,1,1,1,1,1,0.0902602512491695
D4,cloglog,10000,0,0,1,2000,802,0.7255,0.6655,0.703,0.6985,0.332,0.3115,0.7305,0.6985,0.0465,0.0535,0.0255,0.0285,0.599,0.584,0.8835,0.876,0.923,0.925,0.638,0.6415,0.932,0.925,0.0465,0.054,0.025,0.027,0.879,0.862,1,1,1,1,1,1,1,1,0.0902602512491695
D4,cloglog,20000,0,0,1,2000,3202,0.7505,0.6715,0.6625,0.7075,0.284,0.2415,0.7065,0.7075,0.0585,0.064,0.0405,0.0415,0.585,0.5985,0.984,0.979,0.998,0.998,0.8995,0.883,0.9985,0.998,0.0585,0.061,0.039,0.0405,0.9895,0.9895,1,1,1,1,1,1,1,1,0.0902602512491695
D4,logit,2000,0,0,1,2000,34,0.056,0.05,0.0435,0.05,0.057,0.05,0.053,0.05,0.041,0.05,0.0475,0.05,0.0615,0.05,0.0685,0.05,0.0475,0.05,0.0625,0.05,0.0545,0.05,0.0425,0.05,0.0465,0.05,0.057,0.05,0.052,0.05,0.056,0.05,0.0555,0.05,0.0565,0.05,
D4,logit,5000,0,0,1,2000,202,0.0635,0.05,0.0415,0.05,0.0525,0.05,0.055,0.05,0.048,0.05,0.051,0.05,0.06,0.05,0.064,0.05,0.0505,0.05,0.0525,0.05,0.058,0.05,0.0485,0.05,0.0495,0.05,0.0595,0.05,0.045,0.05,0.047,0.05,0.0545,0.05,0.056,0.05,
D4,logit,10000,0,0,1,2000,802,0.079,0.05,0.0515,0.05,0.0555,0.05,0.0605,0.05,0.0445,0.05,0.0445,0.05,0.0575,0.05,0.0625,0.05,0.0475,0.05,0.0495,0.05,0.0545,0.05,0.046,0.05,0.044,0.05,0.0565,0.05,0.051,0.05,0.0475,0.05,0.046,0.05,0.0455,0.05,
D4,logit,20000,0,0,1,2000,3202,0.1175,0.05,0.0335,0.05,0.062,0.05,0.0495,0.05,0.045,0.05,0.0455,0.05,0.047,0.05,0.064,0.05,0.05,0.05,0.0545,0.05,0.0555,0.05,0.0445,0.05,0.049,0.05,0.0535,0.05,0.048,0.05,0.049,0.05,0.049,0.05,0.0535,0.05,
D4,loglog,2000,0,0,1,2000,34,0.7905,0.7825,0.639,0.653,0.6795,0.6635,0.666,0.653,0.298,0.305,0.336,0.3395,0.696,0.666,0.685,0.6435,0.3815,0.3945,0.4885,0.452,0.408,0.395,0.2955,0.302,0.34,0.343,0.509,0.4905,0.923,0.919,0.945,0.9325,0.998,0.9965,0.9985,0.9975,3.1066308610246
D4,loglog,5000,0,0,1,2000,202,0.9155,0.908,0.6895,0.7035,0.7795,0.771,0.7085,0.7035,0.4665,0.4755,0.5215,0.5185,0.811,0.7925,0.922,0.9115,0.699,0.6945,0.781,0.7695,0.7225,0.6945,0.4675,0.469,0.519,0.5205,0.811,0.7955,1,1,1,1,1,1,1,1,3.1066308610246
D4,loglog,10000,0,0,1,2000,802,0.978,0.9695,0.684,0.6795,0.892,0.8805,0.712,0.679,0.6925,0.704,0.749,0.758,0.9095,0.903,0.9945,0.9935,0.9055,0.9075,0.9555,0.9565,0.912,0.9075,0.6975,0.714,0.753,0.7635,0.9695,0.9665,1,1,1,1,1,1,1,1,3.1066308610246
D4,loglog,20000,0,0,1,2000,3202,0.997,0.995,0.654,0.6875,0.971,0.9595,0.6865,0.6875,0.8885,0.8955,0.9295,0.9315,0.978,0.9795,1,1,0.996,0.996,0.999,0.9985,0.996,0.996,0.8915,0.8955,0.9305,0.931,0.9995,0.9995,1,1,1,1,1,1,1,1,3.1066308610246
D4,quad,2000,0,0,1,2000,34,0.3045,0.2945,0.3215,0.338,0.3175,0.2995,0.3465,0.338,0.027,0.0335,0.028,0.028,0.276,0.2445,0.1855,0.1425,0.198,0.2045,0.1825,0.1585,0.2145,0.2045,0.024,0.029,0.023,0.026,0.1625,0.1485,0.564,0.5535,0.5435,0.5255,0.827,0.813,0.8255,0.8155,-0.217082393532694
D4,quad,5000,0,0,1,2000,202,0.3005,0.2645,0.3455,0.365,0.287,0.277,0.371,0.365,0.034,0.0365,0.041,0.0395,0.2965,0.2615,0.2965,0.257,0.343,0.339,0.281,0.2685,0.3645,0.3395,0.035,0.035,0.039,0.0395,0.302,0.276,0.9715,0.977,0.971,0.972,0.998,0.998,0.998,0.998,-0.217082393532694
D4,quad,10000,0,0,1,2000,802,0.267,0.178,0.357,0.3485,0.226,0.2035,0.3895,0.3485,0.053,0.0585,0.0725,0.0845,0.3225,0.306,0.474,0.443,0.557,0.5665,0.456,0.4585,0.581,0.5665,0.0515,0.06,0.0725,0.085,0.508,0.4785,1,1,1,1,1,1,1,1,-0.217082393532694
D4,quad,20000,0,0,1,2000,3202,0.176,0.0805,0.307,0.351,0.118,0.1025,0.351,0.351,0.1005,0.107,0.14,0.1455,0.369,0.384,0.6995,0.65,0.8015,0.8015,0.6815,0.662,0.819,0.8015,0.0995,0.107,0.1435,0.149,0.7955,0.7785,1,1,1,1,1,1,1,1,-0.217082393532694
