design,truth,n,A,pred_power_EF,pred_power_HL,pred_gain
D1,cloglog,200,-1.31590709012949,0.172384515203983,0.115314198282988,0.0570703169209951
D1,cloglog,500,-1.31590709012949,0.318907843321955,0.246842788523811,0.0720650547981437
D1,cloglog,1000,-1.31590709012949,0.56470788518888,0.495203499813613,0.0695043853752672
D1,cloglog,2000,-1.31590709012949,0.8769650593135,0.846818177399695,0.0301468819138053
D1,loglog,200,-0.36694210888126,0.122803439806041,0.106742887275929,0.0160605525301122
D1,loglog,500,-0.36694210888126,0.239759512712397,0.219424152421792,0.0203353602906047
D1,loglog,1000,-0.36694210888126,0.460029012567122,0.438771344139202,0.0212576684279204
D1,loglog,2000,-0.36694210888126,0.801609723656965,0.789892761964058,0.0117169616929067
D1,probit,200,-0.181089659790536,0.0590174810757591,0.052834335839416,0.00618314523634306
D1,probit,500,-0.181089659790536,0.0636863304459351,0.0572114859676023,0.00647484447833285
D1,probit,1000,-0.181089659790536,0.071679658921229,0.0648370938827417,0.00684256503848729
D1,probit,2000,-0.181089659790536,0.0887966401532398,0.0812913286092354,0.00750531154400436
D1,quad,200,-0.285223389167008,0.219973345401465,0.204348684359496,0.0156246610419694
D1,quad,500,-0.285223389167008,0.522936020723286,0.506856093458479,0.0160799272648071
D1,quad,1000,-0.285223389167008,0.863727399747173,0.856800830343659,0.00692656940351466
D1,quad,2000,-0.285223389167008,0.996032496121116,0.99574567608527,0.000286820035846569
D1,inter,200,0.00259106291412038,0.0569567981510765,0.0570630745373393,-0.00010627638626276
D1,inter,500,0.00259106291412038,0.0682773675574817,0.0683923613422126,-0.000114993784730955
D1,inter,1000,0.00259106291412038,0.0890237294443126,0.0891521944383474,-0.000128464994034849
D1,inter,2000,0.00259106291412038,0.136891967670561,0.137043792187305,-0.00015182451674367
D3,cloglog,200,-0.54777546923676,0.0922540155757367,0.0713882747555962,0.0208657408201404
D3,cloglog,500,-0.54777546923676,0.134699888821933,0.109572814340055,0.0251270744818782
D3,cloglog,1000,-0.54777546923676,0.217116418370629,0.18692772766685,0.0301886907037787
D3,cloglog,2000,-0.54777546923676,0.404703295864932,0.37119201583494,0.0335112800299922
D3,loglog,200,-0.179044752345398,0.0829092218134393,0.0770475081806201,0.00586171363281918
D3,loglog,500,-0.179044752345398,0.134820517851055,0.12725244087389,0.00756807697716444
D3,loglog,1000,-0.179044752345398,0.241002225979585,0.231269408865821,0.00973281711376312
D3,loglog,2000,-0.179044752345398,0.481525397006308,0.470683462768301,0.0108419342380073
D3,probit,200,-0.0694722696631554,0.0537038546741407,0.0511407666462034,0.00256308802793731
D3,probit,500,-0.0694722696631554,0.0554886590762073,0.0528725689340868,0.00261609014212055
D3,probit,1000,-0.0694722696631554,0.0584920454286714,0.0558136861382623,0.00267835929040916
D3,probit,2000,-0.0694722696631554,0.0646904471968941,0.0618992653413464,0.00279118185554766
D3,quad,200,-0.0755094675235748,0.0616757897378185,0.0588673872130088,0.00280840252480974
D3,quad,500,-0.0755094675235748,0.0764206605398907,0.0733430905017036,0.00307757003818709
D3,quad,1000,-0.0755094675235748,0.103927651890605,0.100440793558659,0.00348685833194523
D3,quad,2000,-0.0755094675235748,0.168535246224723,0.164390739152007,0.00414450707271552
D3,inter,200,-0.0185024855465822,0.0566068698080317,0.0562969691498619,0.000309900658169771
D3,inter,500,-0.0185024855465822,0.0667622543384022,0.0664067784979808,0.000355475840421393
D3,inter,1000,-0.0185024855465822,0.0854126343966615,0.084979837458045,0.000432796938616531
D3,inter,2000,-0.0185024855465822,0.128729658051149,0.128141666286786,0.000587991764362805
D4,cloglog,200,-1.58892163237853,0.086987054960354,0.124404188816021,-0.0374171338556668
D4,cloglog,500,-1.58892163237853,0.17767703310506,0.27570274657294,-0.0980257134678799
D4,cloglog,1000,-1.58892163237853,0.41728729381331,0.550651383355571,-0.13336408954226
D4,cloglog,2000,-1.58892163237853,0.836476722404448,0.891379210990324,-0.054902488585876
D4,loglog,200,0.777942580488379,0.0685051421642843,0.131485628949037,-0.0629804867847532
D4,loglog,500,0.777942580488379,0.171094736874717,0.297875723772213,-0.126780986897497
D4,loglog,1000,0.777942580488379,0.451690174986423,0.590373172702603,-0.13868299771618
D4,loglog,2000,0.777942580488379,0.873318219302187,0.917119622987236,-0.043801403685049
D4,probit,200,-3.84461122199778,0.0773794245551298,0.0567047944869504,0.0206746300681794
D4,probit,500,-3.84461122199778,0.0994408507398684,0.0674333808252492,0.0320074699146191
D4,probit,1000,-3.84461122199778,0.132419209819704,0.0870364767743664,0.0453827330453381
D4,probit,2000,-3.84461122199778,0.198408429534359,0.132136579318804,0.0662718502155552
D4,quad,200,-0.480908316582935,0.0998443265486591,0.0875790437199887,0.0122652828286705
D4,quad,500,-0.480908316582935,0.175958290350318,0.158783124768284,0.0171751655820341
D4,quad,1000,-0.480908316582935,0.324956717572031,0.303433772325377,0.0215229452466536
D4,quad,2000,-0.480908316582935,0.619333772271343,0.599752563153949,0.0195812091173935
D4,inter,200,0.0924002733651925,0.0472689033077471,0.0504585452091527,-0.00318964190140558
D4,inter,500,0.0924002733651925,0.0472524364485036,0.05114988473166,-0.00389744828315641
D4,inter,1000,0.0924002733651925,0.0480514082966889,0.052311482587399,-0.00426007429071013
D4,inter,2000,0.0924002733651925,0.0501482395838463,0.054669700608843,-0.00452146102499673
