design,truth,n,A,gauss_exact,second_order,projection_form,simulated
D1,cloglog,200,-1.31590709012949,0.0708955,0.0596534971141107,0.0597804717096725,0.0305
D1,cloglog,500,-1.31590709012949,0.079537,0.0763458344945049,0.0764002460323316,0.0815
D1,cloglog,1000,-1.31590709012949,0.073606,0.0763657533759228,0.0761700794406971,0.0945
D1,cloglog,2000,-1.31590709012949,0.031358,0.0343835983649237,0.0341012473784497,0.045
D1,loglog,200,-0.36694210888126,0.017777,0.016472578680291,0.0163942124951675,0.011
D1,loglog,500,-0.36694210888126,0.02135,0.0209223096035135,0.0208734282813971,0.0195
D1,loglog,1000,-0.36694210888126,0.0218025,0.0219227141314356,0.0219374876541108,0.0285
D1,loglog,2000,-0.36694210888126,0.0119745,0.0122780378351782,0.0122380173540963,0.0125
D1,probit,200,-0.181089659790536,0.0084295,0.0064887825657102,0.00606648201799123,0.004
D1,probit,500,-0.181089659790536,0.007421,0.00651459732284945,0.00622618790285255,0.01
D1,probit,1000,-0.181089659790536,0.00726300000000001,0.00676946379327581,0.0065810860895774,0.00600000000000001
D1,probit,2000,-0.181089659790536,0.007849,0.00751483096412162,0.00725152118344012,0.005
D1,quad,200,-0.285223389167008,0.01598,0.0156546490260058,0.0158484232456714,0.0215
D1,quad,500,-0.285223389167008,0.0164124999999999,0.0164884664314779,0.0164380011638085,0.016
D1,quad,1000,-0.285223389167008,0.00698149999999997,0.00716764948174193,0.00704899867277063,0.00600000000000001
D1,quad,2000,-0.285223389167008,0.000295000000000045,0.000300906570897655,0.000288542608924957,0
D1,inter,200,0.0025910629141204,0.000206000000000005,-7.79745708027369e-05,-8.85711608711767e-05,-5e-04
D1,inter,500,0.00259106291412043,7.84999999999952e-05,-3.65617695810259e-05,-9.62199632918256e-05,0.00399999999999999
D1,inter,1000,0.0025910629141204,2.40000000000101e-05,-5.96829542492778e-05,-0.000108163021119652,-5e-04
D1,inter,2000,0.00259106291412043,-5.15000000000099e-05,-0.000107009462195202,-0.000126898455962303,-5e-04
D3,cloglog,200,-0.54777546923676,0.0252485,0.0211879166610243,0.0206684919551367,0.0155
D3,cloglog,500,-0.54777546923676,0.0272555,0.0252454458303785,0.024886319098675,0.0195
D3,cloglog,1000,-0.54777546923676,0.0316105,0.030611971208213,0.0302962681355117,0.0225
D3,cloglog,2000,-0.54777546923676,0.0347065,0.0345596735152289,0.03426282200133,0.0415
D3,loglog,200,-0.179044752345398,0.00638549999999999,0.0059050463982188,0.00701305687132589,0.009
D3,loglog,500,-0.179044752345398,0.00800100000000001,0.00758971312166725,0.00864048848548884,0.00900000000000001
D3,loglog,1000,-0.179044752345398,0.0099245,0.00975805414029271,0.0105478156692983,0.00999999999999998
D3,loglog,2000,-0.179044752345398,0.011068,0.0109779299112627,0.0109233024083448,0.0125
D3,probit,200,-0.0694722696631554,0.00369650000000001,0.00253496896622477,0.00224411396495672,-5e-04
D3,probit,500,-0.0694722696631554,0.0031185,0.00258538809184997,0.00228518175530431,0.003
D3,probit,1000,-0.0694722696631554,0.002875,0.00264346775217306,0.00234476504893114,0.003
D3,probit,2000,-0.0694722696631554,0.0028165,0.00270494017528259,0.00244948880327301,0.004
D3,quad,200,-0.0755094675235748,0.0030085,0.00283368937040297,0.00262113113452428,0.0045
D3,quad,500,-0.0755094675235748,0.0032215,0.00311071106285118,0.00289677604135952,0.004
D3,quad,1000,-0.0755094675235748,0.003564,0.00350491211969987,0.00329048901305299,0.0025
D3,quad,2000,-0.0755094675235748,0.00417400000000001,0.00416311190530173,0.00398346866043614,0.0025
D3,inter,200,-0.0185024855465822,0.0005135,0.00032888727425397,0.000631135775905091,0.0045
D3,inter,500,-0.0185024855465822,0.000431000000000001,0.000312738286857761,0.000677669259483321,-5e-04
D3,inter,1000,-0.0185024855465821,0.000421000000000005,0.000409562411871775,0.000763351255481627,0
D3,inter,2000,-0.0185024855465822,0.000558500000000017,0.000573044409280523,0.00090013769317003,-5e-04
D4,cloglog,200,-1.58892163237853,0.224424,0.0754970309256512,0.0750977076923006,0.00550000000000001
D4,cloglog,500,-1.58892163237853,0.1346575,0.0968927010033893,0.0952367707840019,0.0585
D4,cloglog,1000,-1.58892163237853,0.0589110000000001,0.0860324959147794,0.0875646383688478,0.094
D4,cloglog,2000,-1.58892163237853,0.00896299999999994,0.0303290344750335,0.031084444886105,0.076
D4,loglog,200,0.77794258048838,0.071429,-0.0403092528803318,-0.0382558659996189,-0.0465
D4,loglog,500,0.777942580488378,-0.010197,-0.048599242591347,-0.0469978658831783,-0.0355
D4,loglog,1000,0.777942580488379,-0.046664,-0.0395081941069421,-0.0408054051323477,-0.0195
D4,loglog,2000,0.777942580488378,-0.0193464999999999,-0.0115842655040666,-0.0121359407363574,0.00800000000000001
D4,probit,200,-3.84461122199778,0.3510435,0.128992457395657,0.131128840220641,0.003
D4,probit,500,-3.84461122199778,0.308233,0.136555176095072,0.14094926909269,0.012
D4,probit,1000,-3.84461122199778,0.2762465,0.155293761116813,0.158432741423728,0.029
D4,probit,2000,-3.84461122199778,0.2520135,0.184994828323431,0.187530373329975,0.0515
D4,quad,200,-0.480908316582935,0.0341545,0.0201322739949,0.0199914104573641,0.0225
D4,quad,500,-0.480908316582935,0.0298875,0.0244638274241248,0.0247407746070549,0.0265
D4,quad,1000,-0.480908316582935,0.030467,0.0287397802878313,0.0290095967527565,0.01
D4,quad,2000,-0.480908316582935,0.0239895,0.0247297682005238,0.0246877751300687,0.019
D4,inter,200,0.0924002733651925,0.0274845,-0.00547468513394601,-0.00300558002797153,-0.024
D4,inter,500,0.0924002733651925,0.009011,-0.00488673843419067,-0.00306568325543965,-0.0215
D4,inter,1000,0.0924002733651925,0.002515,-0.00460900491453978,-0.00306766738763868,-0.0075
D4,inter,2000,0.0924002733651925,-0.0010445,-0.00445775570065051,-0.00312207338860222,-0.014
